[{"model": "admin.logentry", "pk": 1, "fields": {"action_time": "2026-01-05T09:16:48.128Z", "user": 2, "content_type": 2, "object_id": "6", "object_repr": "Supervisores", "action_flag": 3, "change_message": ""}}, {"model": "admin.logentry", "pk": 2, "fields": {"action_time": "2026-01-05T09:16:57.333Z", "user": 2, "content_type": 2, "object_id": "2", "object_repr": "Recepción", "action_flag": 3, "change_message": ""}}, {"model": "admin.logentry", "pk": 3, "fields": {"action_time": "2026-01-05T09:17:05.052Z", "user": 2, "content_type": 2, "object_id": "4", "object_repr": "Mantenimiento", "action_flag": 3, "change_message": ""}}, {"model": "admin.logentry", "pk": 4, "fields": {"action_time": "2026-01-05T09:17:19.049Z", "user": 2, "content_type": 2, "object_id": "3", "object_repr": "Limpieza", "action_flag": 3, "change_message": ""}}, {"model": "admin.logentry", "pk": 5, "fields": {"action_time": "2026-01-05T09:17:57.246Z", "user": 2, "content_type": 2, "object_id": "9", "object_repr": "Jefe_recepcion", "action_flag": 1, "change_message": "[{\"added\": {}}]"}}, {"model": "admin.logentry", "pk": 6, "fields": {"action_time": "2026-01-05T09:18:08.788Z", "user": 2, "content_type": 2, "object_id": "10", "object_repr": "Recepcion", "action_flag": 1, "change_message": "[{\"added\": {}}]"}}, {"model": "admin.logentry", "pk": 7, "fields": {"action_time": "2026-01-05T09:18:19.423Z", "user": 2, "content_type": 2, "object_id": "11", "object_repr": "Jefe_mantenimiento", "action_flag": 1, "change_message": "[{\"added\": {}}]"}}, {"model": "admin.logentry", "pk": 8, "fields": {"action_time": "2026-01-05T09:18:38.996Z", "user": 2, "content_type": 2, "object_id": "12", "object_repr": "Personal_mantenimiento", "action_flag": 1, "change_message": "[{\"added\": {}}]"}}, {"model": "admin.logentry", "pk": 9, "fields": {"action_time": "2026-01-05T09:19:11.124Z", "user": 2, "content_type": 2, "object_id": "7", "object_repr": "Limpieza", "action_flag": 2, "change_message": "[{\"changed\": {\"fields\": [\"Name\"]}}]"}}, {"model": "admin.logentry", "pk": 10, "fields": {"action_time": "2026-01-05T09:19:27.549Z", "user": 2, "content_type": 2, "object_id": "8", "object_repr": "Jefe_limpieza", "action_flag": 2, "change_message": "[{\"changed\": {\"fields\": [\"Name\"]}}]"}}, {"model": "admin.logentry", "pk": 11, "fields": {"action_time": "2026-01-05T09:19:42.571Z", "user": 2, "content_type": 2, "object_id": "12", "object_repr": "Mantenimiento", "action_flag": 2, "change_message": "[{\"changed\": {\"fields\": [\"Name\"]}}]"}}, {"model": "admin.logentry", "pk": 12, "fields": {"action_time": "2026-01-05T09:20:11.790Z", "user": 2, "content_type": 4, "object_id": "5", "object_repr": "ana.recepcion", "action_flag": 2, "change_message": "[{\"changed\": {\"fields\": [\"Groups\"]}}]"}}, {"model": "admin.logentry", "pk": 13, "fields": {"action_time": "2026-01-05T09:20:47.272Z", "user": 2, "content_type": 4, "object_id": "13", "object_repr": "antonio.mantenimiento", "action_flag": 2, "change_message": "[{\"changed\": {\"fields\": [\"Groups\"]}}]"}}, {"model": "admin.logentry", "pk": 14, "fields": {"action_time": "2026-01-05T09:21:11.147Z", "user": 2, "content_type": 4, "object_id": "8", "object_repr": "carmen.limpieza", "action_flag": 2, "change_message": "[{\"changed\": {\"fields\": [\"Groups\"]}}]"}}, {"model": "admin.logentry", "pk": 15, "fields": {"action_time": "2026-01-05T09:21:40.125Z", "user": 2, "content_type": 2, "object_id": "13", "object_repr": "Recepción", "action_flag": 3, "change_message": ""}}, {"model": "admin.logentry", "pk": 16, "fields": {"action_time": "2026-01-05T09:23:23.260Z", "user": 2, "content_type": 2, "object_id": "1", "object_repr": "Direccion", "action_flag": 2, "change_message": "[{\"changed\": {\"fields\": [\"Name\", \"Permissions\"]}}]"}}, {"model": "admin.logentry", "pk": 17, "fields": {"action_time": "2026-01-05T09:24:19.697Z", "user": 2, "content_type": 2, "object_id": "8", "object_repr": "Jefe_limpieza", "action_flag": 2, "change_message": "[{\"changed\": {\"fields\": [\"Permissions\"]}}]"}}, {"model": "admin.logentry", "pk": 18, "fields": {"action_time": "2026-01-05T09:25:07.589Z", "user": 2, "content_type": 2, "object_id": "11", "object_repr": "Jefe_mantenimiento", "action_flag": 2, "change_message": "[]"}}, {"model": "admin.logentry", "pk": 19, "fields": {"action_time": "2026-01-05T09:25:34.831Z", "user": 2, "content_type": 2, "object_id": "11", "object_repr": "Jefe_mantenimiento", "action_flag": 2, "change_message": "[{\"changed\": {\"fields\": [\"Permissions\"]}}]"}}, {"model": "admin.logentry", "pk": 20, "fields": {"action_time": "2026-01-05T09:26:52.810Z", "user": 2, "content_type": 2, "object_id": "9", "object_repr": "Jefe_recepcion", "action_flag": 2, "change_message": "[{\"changed\": {\"fields\": [\"Permissions\"]}}]"}}, {"model": "admin.logentry", "pk": 21, "fields": {"action_time": "2026-01-05T09:27:39.323Z", "user": 2, "content_type": 2, "object_id": "7", "object_repr": "Limpieza", "action_flag": 2, "change_message": "[]"}}, {"model": "admin.logentry", "pk": 22, "fields": {"action_time": "2026-01-05T09:28:01.671Z", "user": 2, "content_type": 2, "object_id": "7", "object_repr": "Limpieza", "action_flag": 2, "change_message": "[{\"changed\": {\"fields\": [\"Permissions\"]}}]"}}, {"model": "admin.logentry", "pk": 23, "fields": {"action_time": "2026-01-05T09:28:31.393Z", "user": 2, "content_type": 2, "object_id": "12", "object_repr": "Mantenimiento", "action_flag": 2, "change_message": "[{\"changed\": {\"fields\": [\"Permissions\"]}}]"}}, {"model": "admin.logentry", "pk": 24, "fields": {"action_time": "2026-01-05T09:28:49.899Z", "user": 2, "content_type": 2, "object_id": "12", "object_repr": "Mantenimiento", "action_flag": 2, "change_message": "[{\"changed\": {\"fields\": [\"Permissions\"]}}]"}}, {"model": "admin.logentry", "pk": 25, "fields": {"action_time": "2026-01-05T09:29:27.191Z", "user": 2, "content_type": 2, "object_id": "10", "object_repr": "Recepcion", "action_flag": 2, "change_message": "[{\"changed\": {\"fields\": [\"Permissions\"]}}]"}}, {"model": "auth.group", "pk": 1, "fields": {"name": "Direccion", "permissions": [29, 30, 31, 32, 37, 38, 39, 40, 53, 54, 55, 56, 49, 50, 51, 52, 57, 58, 59, 60, 41, 42, 43, 44, 45, 46, 47, 48]}}, {"model": "auth.group", "pk": 5, "fields": {"name": "RRHH", "permissions": []}}, {"model": "auth.group", "pk": 7, "fields": {"name": "Limpieza", "permissions": [54, 56, 49]}}, {"model": "auth.group", "pk": 8, "fields": {"name": "Jefe_limpieza", "permissions": [53, 54, 55, 56, 49, 51]}}, {"model": "auth.group", "pk": 9, "fields": {"name": "Jefe_recepcion", "permissions": [29, 30, 31, 32, 53, 54, 55, 56, 49, 50, 51, 52, 57, 58, 59, 60, 41, 42, 43, 44]}}, {"model": "auth.group", "pk": 10, "fields": {"name": "Recepcion", "permissions": [53, 56, 49, 51, 57, 58, 59, 60]}}, {"model": "auth.group", "pk": 11, "fields": {"name": "Jefe_mantenimiento", "permissions": [53, 55, 49, 50, 51, 52]}}, {"model": "auth.group", "pk": 12, "fields": {"name": "Mantenimiento", "permissions": [50, 51, 52]}}, {"model": "auth.group", "pk": 14, "fields": {"name": "Recepción", "permissions": []}}, {"model": "auth.group", "pk": 15, "fields": {"name": "Supervisores", "permissions": []}}, {"model": "auth.group", "pk": 16, "fields": {"name": "Dirección", "permissions": []}}, {"model": "auth.user", "pk": 1, "fields": {"password": "pbkdf2_sha256$1200000$dpb221WccC6U1G5AQF39zH$CARImouSU6tiph8g7ozq64o6FPvpe/1ZpG6EGKXtYdE=", "last_login": null, "is_superuser": true, "username": "administradora", "first_name": "", "last_name": "", "email": "iremen19@gmail.com", "is_staff": true, "is_active": true, "date_joined": "2026-01-03T21:30:12.323Z", "groups": [], "user_permissions": []}}, {"model": "auth.user", "pk": 2, "fields": {"password": "pbkdf2_sha256$1200000$sl3Xxv2UeGwMXdIM24XxHT$QjM1iKfvU8R0RlBvop1zr7JzRziqMWG5/ubTaQN0nk0=", "last_login": "2026-01-14T06:45:00.749Z", "is_superuser": true, "username": "administrador", "first_name": "", "last_name": "", "email": "iremen19@gmail.com", "is_staff": true, "is_active": true, "date_joined": "2026-01-03T21:56:28.334Z", "groups": [], "user_permissions": []}}, {"model": "auth.user", "pk": 3, "fields": {"password": "pbkdf2_sha256$1200000$xSc6bQLm0HwvgIvlRUIpHb$hqiWdQB5d3xCoEL+z/W1l2lXjniosTfH69/tDfIwbXU=", "last_login": "2026-01-14T06:45:28.361Z", "is_superuser": false, "username": "director", "first_name": "Carlos", "last_name": "Rodríguez", "email": "carlos.rodriguez@hotel.com", "is_staff": false, "is_active": true, "date_joined": "2026-01-03T22:15:42.640Z", "groups": [15, 16], "user_permissions": []}}, {"model": "auth.user", "pk": 4, "fields": {"password": "pbkdf2_sha256$1200000$by5U754t6ikcqN0i9enVsI$5odwkqBxrkpEXvHoJ7Rh2hsuO+7QFVdYgdb8T++HDEk=", "last_login": "2026-01-05T07:44:44.450Z", "is_superuser": false, "username": "jefe.recepcion", "first_name": "María", "last_name": "García", "email": "maria.garcia@hotel.com", "is_staff": false, "is_active": true, "date_joined": "2026-01-03T22:15:42.903Z", "groups": [], "user_permissions": []}}, {"model": "auth.user", "pk": 5, "fields": {"password": "pbkdf2_sha256$1200000$4hlldgx3dDGTc24MZZCCeb$Oz9gQVcVermgCgB7wUaBDZ5+f9Yy3pseGOxfxrfFH8g=", "last_login": "2026-01-05T09:29:42.341Z", "is_superuser": false, "username": "ana.recepcion", "first_name": "Ana", "last_name": "Martínez", "email": "ana.martinez@hotel.com", "is_staff": false, "is_active": true, "date_joined": "2026-01-03T22:15:43Z", "groups": [14], "user_permissions": []}}, {"model": "auth.user", "pk": 6, "fields": {"password": "pbkdf2_sha256$1200000$l2t85oaVnEEGMKhIut2x5s$3UzwmTLPVngJF2Tb3/ngBtBdO1Z5sR00hCrzS1g2ZVo=", "last_login": null, "is_superuser": false, "username": "pedro.recepcion", "first_name": "Pedro", "last_name": "López", "email": "pedro.lopez@hotel.com", "is_staff": false, "is_active": true, "date_joined": "2026-01-03T22:15:43.464Z", "groups": [], "user_permissions": []}}, {"model": "auth.user", "pk": 7, "fields": {"password": "pbkdf2_sha256$1200000$c24QRzd485yrRKQfHazxms$v285yrJLvq/jBx9g46eZjenvMOmkOHsBHpAiNSXcMB0=", "last_login": "2026-01-05T09:37:06.281Z", "is_superuser": false, "username": "jefe.limpieza", "first_name": "Laura", "last_name": "Fernández", "email": "laura.fernandez@hotel.com", "is_staff": false, "is_active": true, "date_joined": "2026-01-03T22:15:43.721Z", "groups": [7, 15], "user_permissions": []}}, {"model": "auth.user", "pk": 8, "fields": {"password": "pbkdf2_sha256$1200000$DWDSztJt174a3DjOzned1u$oo/bcAm3mh46VJ91ZMRj5gj62Vq9X+QONiyhKKKtduY=", "last_login": "2026-01-05T09:30:03.521Z", "is_superuser": false, "username": "carmen.limpieza", "first_name": "Carmen", "last_name": "Ruiz", "email": "carmen.ruiz@hotel.com", "is_staff": false, "is_active": true, "date_joined": "2026-01-03T22:15:43Z", "groups": [7], "user_permissions": []}}, {"model": "auth.user", "pk": 9, "fields": {"password": "pbkdf2_sha256$1200000$7meZKzYUuAElfwR0LQD1wH$OkZrBZXpqvwf6jdyPkzRitEG++vH0t89h/Yq7b57RGA=", "last_login": "2026-01-05T08:22:05.721Z", "is_superuser": false, "username": "isabel.limpieza", "first_name": "Isabel", "last_name": "Sánchez", "email": "isabel.sanchez@hotel.com", "is_staff": false, "is_active": true, "date_joined": "2026-01-03T22:15:44.233Z", "groups": [], "user_permissions": []}}, {"model": "auth.user", "pk": 10, "fields": {"password": "pbkdf2_sha256$1200000$NHTzD8MxfOtYTNKBvnMnkg$vmiLPFQTaq9j88dOJvAtEizEFTaF/MkR4QRWR5cU02c=", "last_login": null, "is_superuser": false, "username": "rosa.limpieza", "first_name": "Rosa", "last_name": "Moreno", "email": "rosa.moreno@hotel.com", "is_staff": false, "is_active": true, "date_joined": "2026-01-03T22:15:44.504Z", "groups": [], "user_permissions": []}}, {"model": "auth.user", "pk": 11, "fields": {"password": "pbkdf2_sha256$1200000$wWZCOcHAVeLVjyRcmUAuzg$3mh4F32UEhvZT0EFe2FNiOHMnTa/ZECbsrW0wjZQI1Y=", "last_login": "2026-01-05T08:16:59.648Z", "is_superuser": false, "username": "jefe.mantenimiento", "first_name": "Miguel", "last_name": "Torres", "email": "miguel.torres@hotel.com", "is_staff": false, "is_active": true, "date_joined": "2026-01-03T22:15:44.770Z", "groups": [], "user_permissions": []}}, {"model": "auth.user", "pk": 12, "fields": {"password": "pbkdf2_sha256$1200000$5vhZaD7h3IWJRh9HNmgHhW$Hf1gGEqVOPcWJdWlYsIxDSEdzocvGpME8wuPzJz7Olc=", "last_login": "2026-01-08T06:47:24.290Z", "is_superuser": false, "username": "juan.mantenimiento", "first_name": "Juan", "last_name": "Díaz", "email": "juan.diaz@hotel.com", "is_staff": false, "is_active": true, "date_joined": "2026-01-03T22:15:45.069Z", "groups": [12], "user_permissions": []}}, {"model": "auth.user", "pk": 13, "fields": {"password": "pbkdf2_sha256$1200000$lV1IP6jRqavQ2sxWFlvMms$M0dB9tOOpTRJS1zjrgLirBlytBTyK34mxQbf0xgJPR4=", "last_login": null, "is_superuser": false, "username": "antonio.mantenimiento", "first_name": "Antonio", "last_name": "Jiménez", "email": "antonio.jimenez@hotel.com", "is_staff": false, "is_active": true, "date_joined": "2026-01-03T22:15:45Z", "groups": [12], "user_permissions": []}}, {"model": "auth.user", "pk": 14, "fields": {"password": "pbkdf2_sha256$1200000$hCWMSGRHJW4kXDfxDfG2FY$bHWcSW58FR7N65M/6azWRWQdQIOpf4ltRdmcXa3hoxM=", "last_login": null, "is_superuser": false, "username": "rrhh", "first_name": "Elena", "last_name": "Vargas", "email": "elena.vargas@hotel.com", "is_staff": false, "is_active": true, "date_joined": "2026-01-03T22:15:45.599Z", "groups": [5], "user_permissions": []}}, {"model": "employees.department", "pk": 1, "fields": {"name": "Dirección", "color": "#3B82F6", "code": "DIR", "description": "Departamento de Dirección", "is_active": true, "created_at": "2026-01-03T22:15:42.620Z"}}, {"model": "employees.department", "pk": 2, "fields": {"name": "Recepción", "color": "#10B981", "code": "REC", "description": "Departamento de Recepción", "is_active": true, "created_at": "2026-01-03T22:15:42.624Z"}}, {"model": "employees.department", "pk": 3, "fields": {"name": "Limpieza", "color": "#F59E0B", "code": "LIM", "description": "Departamento de Limpieza", "is_active": true, "created_at": "2026-01-03T22:15:42.628Z"}}, {"model": "employees.department", "pk": 4, "fields": {"name": "Mantenimiento", "color": "#EF4444", "code": "MAN", "description": "Departamento de Mantenimiento", "is_active": true, "created_at": "2026-01-03T22:15:42.632Z"}}, {"model": "employees.department", "pk": 5, "fields": {"name": "Recursos Humanos", "color": "#8B5CF6", "code": "RRH", "description": "Departamento de Recursos Humanos", "is_active": true, "created_at": "2026-01-03T22:15:42.636Z"}}, {"model": "employees.employee", "pk": 3, "fields": {"user": 3, "department": 1, "role": "director", "phone": "+34 600 111 111", "avatar": "", "employee_number": "EMP001", "hire_date": "2025-09-24", "is_available": true, "bio": "", "created_at": "2026-01-03T22:15:42.872Z", "updated_at": "2026-01-14T06:45:28.371Z"}}, {"model": "employees.employee", "pk": 4, "fields": {"user": 4, "department": 2, "role": "jefe_recepcion", "phone": "+34 600 222 222", "avatar": "", "employee_number": "EMP002", "hire_date": "2025-04-15", "is_available": true, "bio": "", "created_at": "2026-01-03T22:15:43.143Z", "updated_at": "2026-01-05T07:44:44.461Z"}}, {"model": "employees.employee", "pk": 5, "fields": {"user": 5, "department": 2, "role": "recepcionista", "phone": "+34 600 333 333", "avatar": "", "employee_number": "EMP003", "hire_date": "2025-03-11", "is_available": true, "bio": "", "created_at": "2026-01-03T22:15:43.434Z", "updated_at": "2026-01-05T09:29:42.351Z"}}, {"model": "employees.employee", "pk": 6, "fields": {"user": 6, "department": 2, "role": "recepcionista", "phone": "+34 600 444 444", "avatar": "", "employee_number": "EMP004", "hire_date": "2025-10-11", "is_available": true, "bio": "", "created_at": "2026-01-03T22:15:43.690Z", "updated_at": "2026-01-03T22:15:43.710Z"}}, {"model": "employees.employee", "pk": 7, "fields": {"user": 7, "department": 3, "role": "jefe_limpieza", "phone": "+34 600 555 555", "avatar": "", "employee_number": "EMP005", "hire_date": "2025-09-28", "is_available": true, "bio": "", "created_at": "2026-01-03T22:15:43.946Z", "updated_at": "2026-01-05T09:37:06.290Z"}}, {"model": "employees.employee", "pk": 8, "fields": {"user": 8, "department": 3, "role": "camarero_piso", "phone": "+34 600 666 666", "avatar": "", "employee_number": "EMP006", "hire_date": "2025-05-12", "is_available": true, "bio": "", "created_at": "2026-01-03T22:15:44.207Z", "updated_at": "2026-01-05T09:30:03.531Z"}}, {"model": "employees.employee", "pk": 9, "fields": {"user": 9, "department": 3, "role": "camarero_piso", "phone": "+34 600 777 777", "avatar": "", "employee_number": "EMP007", "hire_date": "2025-03-22", "is_available": true, "bio": "", "created_at": "2026-01-03T22:15:44.482Z", "updated_at": "2026-01-05T08:22:05.731Z"}}, {"model": "employees.employee", "pk": 10, "fields": {"user": 10, "department": 3, "role": "camarero_piso", "phone": "+34 600 888 888", "avatar": "", "employee_number": "EMP008", "hire_date": "2025-08-01", "is_available": true, "bio": "", "created_at": "2026-01-03T22:15:44.740Z", "updated_at": "2026-01-03T22:15:44.760Z"}}, {"model": "employees.employee", "pk": 11, "fields": {"user": 11, "department": 4, "role": "jefe_mantenimiento", "phone": "+34 600 999 999", "avatar": "", "employee_number": "EMP009", "hire_date": "2025-02-04", "is_available": true, "bio": "", "created_at": "2026-01-03T22:15:45.039Z", "updated_at": "2026-01-05T08:16:59.653Z"}}, {"model": "employees.employee", "pk": 12, "fields": {"user": 12, "department": 4, "role": "mantenimiento", "phone": "+34 601 111 111", "avatar": "", "employee_number": "EMP010", "hire_date": "2025-04-20", "is_available": true, "bio": "", "created_at": "2026-01-03T22:15:45.301Z", "updated_at": "2026-01-08T06:47:24.302Z"}}, {"model": "employees.employee", "pk": 13, "fields": {"user": 13, "department": 4, "role": "mantenimiento", "phone": "+34 601 222 222", "avatar": "", "employee_number": "EMP011", "hire_date": "2025-08-29", "is_available": true, "bio": "", "created_at": "2026-01-03T22:15:45.568Z", "updated_at": "2026-01-05T09:20:47.270Z"}}, {"model": "employees.employee", "pk": 14, "fields": {"user": 14, "department": 5, "role": "rrhh", "phone": "+34 601 333 333", "avatar": "", "employee_number": "EMP012", "hire_date": "2025-11-09", "is_available": true, "bio": "", "created_at": "2026-01-03T22:15:45.835Z", "updated_at": "2026-01-03T22:15:45.855Z"}}, {"model": "attendance.attendance", "pk": 1, "fields": {"employee": 3, "check_in": "2026-01-03T08:27:00Z", "check_out": "2026-01-03T17:07:00Z", "status": "late", "notes": "Asistencia del 03/01/2026", "check_in_location": "", "check_out_location": "", "created_at": "2026-01-03T22:15:46.222Z"}}, {"model": "attendance.attendance", "pk": 2, "fields": {"employee": 4, "check_in": "2026-01-03T08:06:00Z", "check_out": "2026-01-03T16:50:00Z", "status": "late", "notes": "Asistencia del 03/01/2026", "check_in_location": "", "check_out_location": "", "created_at": "2026-01-03T22:15:46.226Z"}}, {"model": "attendance.attendance", "pk": 3, "fields": {"employee": 5, "check_in": "2026-01-03T08:18:00Z", "check_out": "2026-01-03T17:15:00Z", "status": "late", "notes": "Asistencia del 03/01/2026", "check_in_location": "", "check_out_location": "", "created_at": "2026-01-03T22:15:46.230Z"}}, {"model": "attendance.attendance", "pk": 4, "fields": {"employee": 6, "check_in": "2026-01-03T07:06:00Z", "check_out": null, "status": "present", "notes": "Asistencia del 03/01/2026", "check_in_location": "", "check_out_location": "", "created_at": "2026-01-03T22:15:46.235Z"}}, {"model": "attendance.attendance", "pk": 5, "fields": {"employee": 7, "check_in": "2026-01-03T08:23:00Z", "check_out": null, "status": "late", "notes": "Asistencia del 03/01/2026", "check_in_location": "", "check_out_location": "", "created_at": "2026-01-03T22:15:46.240Z"}}, {"model": "attendance.attendance", "pk": 6, "fields": {"employee": 8, "check_in": "2026-01-03T07:13:00Z", "check_out": "2026-01-03T16:52:00Z", "status": "present", "notes": "Asistencia del 03/01/2026", "check_in_location": "", "check_out_location": "", "created_at": "2026-01-03T22:15:46.245Z"}}, {"model": "attendance.attendance", "pk": 7, "fields": {"employee": 9, "check_in": "2026-01-03T07:02:00Z", "check_out": "2026-01-03T17:27:00Z", "status": "present", "notes": "Asistencia del 03/01/2026", "check_in_location": "", "check_out_location": "", "created_at": "2026-01-03T22:15:46.249Z"}}, {"model": "attendance.attendance", "pk": 8, "fields": {"employee": 10, "check_in": "2026-01-03T08:15:00Z", "check_out": null, "status": "late", "notes": "Asistencia del 03/01/2026", "check_in_location": "", "check_out_location": "", "created_at": "2026-01-03T22:15:46.253Z"}}, {"model": "attendance.attendance", "pk": 9, "fields": {"employee": 11, "check_in": "2026-01-03T08:20:00Z", "check_out": "2026-01-03T16:01:00Z", "status": "late", "notes": "Asistencia del 03/01/2026", "check_in_location": "", "check_out_location": "", "created_at": "2026-01-03T22:15:46.258Z"}}, {"model": "attendance.attendance", "pk": 10, "fields": {"employee": 12, "check_in": "2026-01-03T08:26:00Z", "check_out": "2026-01-03T17:50:00Z", "status": "late", "notes": "Asistencia del 03/01/2026", "check_in_location": "", "check_out_location": "", "created_at": "2026-01-03T22:15:46.262Z"}}, {"model": "attendance.attendance", "pk": 11, "fields": {"employee": 13, "check_in": "2026-01-03T08:14:00Z", "check_out": null, "status": "late", "notes": "Asistencia del 03/01/2026", "check_in_location": "", "check_out_location": "", "created_at": "2026-01-03T22:15:46.266Z"}}, {"model": "attendance.attendance", "pk": 12, "fields": {"employee": 14, "check_in": "2026-01-03T07:39:00Z", "check_out": "2026-01-03T17:46:00Z", "status": "present", "notes": "Asistencia del 03/01/2026", "check_in_location": "", "check_out_location": "", "created_at": "2026-01-03T22:15:46.271Z"}}, {"model": "attendance.attendance", "pk": 13, "fields": {"employee": 3, "check_in": "2026-01-02T08:28:00Z", "check_out": "2026-01-02T16:14:00Z", "status": "late", "notes": "Asistencia del 02/01/2026", "check_in_location": "", "check_out_location": "", "created_at": "2026-01-03T22:15:46.275Z"}}, {"model": "attendance.attendance", "pk": 14, "fields": {"employee": 4, "check_in": "2026-01-02T08:06:00Z", "check_out": "2026-01-02T16:56:00Z", "status": "late", "notes": "Asistencia del 02/01/2026", "check_in_location": "", "check_out_location": "", "created_at": "2026-01-03T22:15:46.280Z"}}, {"model": "attendance.attendance", "pk": 15, "fields": {"employee": 5, "check_in": "2026-01-02T08:29:00Z", "check_out": "2026-01-02T17:14:00Z", "status": "late", "notes": "Asistencia del 02/01/2026", "check_in_location": "", "check_out_location": "", "created_at": "2026-01-03T22:15:46.284Z"}}, {"model": "attendance.attendance", "pk": 16, "fields": {"employee": 6, "check_in": "2026-01-02T08:21:00Z", "check_out": "2026-01-02T16:57:00Z", "status": "late", "notes": "Asistencia del 02/01/2026", "check_in_location": "", "check_out_location": "", "created_at": "2026-01-03T22:15:46.289Z"}}, {"model": "attendance.attendance", "pk": 17, "fields": {"employee": 7, "check_in": "2026-01-02T08:19:00Z", "check_out": "2026-01-02T17:34:00Z", "status": "late", "notes": "Asistencia del 02/01/2026", "check_in_location": "", "check_out_location": "", "created_at": "2026-01-03T22:15:46.293Z"}}, {"model": "attendance.attendance", "pk": 18, "fields": {"employee": 8, "check_in": "2026-01-02T07:30:00Z", "check_out": "2026-01-02T16:34:00Z", "status": "present", "notes": "Asistencia del 02/01/2026", "check_in_location": "", "check_out_location": "", "created_at": "2026-01-03T22:15:46.298Z"}}, {"model": "attendance.attendance", "pk": 19, "fields": {"employee": 9, "check_in": "2026-01-02T07:34:00Z", "check_out": "2026-01-02T16:34:00Z", "status": "present", "notes": "Asistencia del 02/01/2026", "check_in_location": "", "check_out_location": "", "created_at": "2026-01-03T22:15:46.302Z"}}, {"model": "attendance.attendance", "pk": 20, "fields": {"employee": 10, "check_in": "2026-01-02T08:12:00Z", "check_out": "2026-01-02T16:49:00Z", "status": "late", "notes": "Asistencia del 02/01/2026", "check_in_location": "", "check_out_location": "", "created_at": "2026-01-03T22:15:46.306Z"}}, {"model": "attendance.attendance", "pk": 21, "fields": {"employee": 11, "check_in": "2026-01-02T07:39:00Z", "check_out": "2026-01-02T16:26:00Z", "status": "present", "notes": "Asistencia del 02/01/2026", "check_in_location": "", "check_out_location": "", "created_at": "2026-01-03T22:15:46.311Z"}}, {"model": "attendance.attendance", "pk": 22, "fields": {"employee": 13, "check_in": "2026-01-02T08:20:00Z", "check_out": "2026-01-02T16:14:00Z", "status": "late", "notes": "Asistencia del 02/01/2026", "check_in_location": "", "check_out_location": "", "created_at": "2026-01-03T22:15:46.315Z"}}, {"model": "attendance.attendance", "pk": 23, "fields": {"employee": 14, "check_in": "2026-01-02T08:28:00Z", "check_out": "2026-01-02T17:57:00Z", "status": "late", "notes": "Asistencia del 02/01/2026", "check_in_location": "", "check_out_location": "", "created_at": "2026-01-03T22:15:46.320Z"}}, {"model": "attendance.attendance", "pk": 24, "fields": {"employee": 3, "check_in": "2026-01-01T07:33:00Z", "check_out": "2026-01-01T16:33:00Z", "status": "present", "notes": "Asistencia del 01/01/2026", "check_in_location": "", "check_out_location": "", "created_at": "2026-01-03T22:15:46.324Z"}}, {"model": "attendance.attendance", "pk": 25, "fields": {"employee": 4, "check_in": "2026-01-01T08:07:00Z", "check_out": "2026-01-01T17:54:00Z", "status": "late", "notes": "Asistencia del 01/01/2026", "check_in_location": "", "check_out_location": "", "created_at": "2026-01-03T22:15:46.329Z"}}, {"model": "attendance.attendance", "pk": 26, "fields": {"employee": 5, "check_in": "2026-01-01T08:10:00Z", "check_out": "2026-01-01T16:31:00Z", "status": "late", "notes": "Asistencia del 01/01/2026", "check_in_location": "", "check_out_location": "", "created_at": "2026-01-03T22:15:46.334Z"}}, {"model": "attendance.attendance", "pk": 27, "fields": {"employee": 6, "check_in": "2026-01-01T08:27:00Z", "check_out": "2026-01-01T17:14:00Z", "status": "late", "notes": "Asistencia del 01/01/2026", "check_in_location": "", "check_out_location": "", "created_at": "2026-01-03T22:15:46.339Z"}}, {"model": "attendance.attendance", "pk": 28, "fields": {"employee": 7, "check_in": "2026-01-01T08:18:00Z", "check_out": "2026-01-01T17:21:00Z", "status": "late", "notes": "Asistencia del 01/01/2026", "check_in_location": "", "check_out_location": "", "created_at": "2026-01-03T22:15:46.344Z"}}, {"model": "attendance.attendance", "pk": 29, "fields": {"employee": 8, "check_in": "2026-01-01T07:27:00Z", "check_out": "2026-01-01T17:48:00Z", "status": "present", "notes": "Asistencia del 01/01/2026", "check_in_location": "", "check_out_location": "", "created_at": "2026-01-03T22:15:46.348Z"}}, {"model": "attendance.attendance", "pk": 30, "fields": {"employee": 9, "check_in": "2026-01-01T08:25:00Z", "check_out": "2026-01-01T16:48:00Z", "status": "late", "notes": "Asistencia del 01/01/2026", "check_in_location": "", "check_out_location": "", "created_at": "2026-01-03T22:15:46.352Z"}}, {"model": "attendance.attendance", "pk": 31, "fields": {"employee": 10, "check_in": "2026-01-01T08:01:00Z", "check_out": "2026-01-01T16:34:00Z", "status": "late", "notes": "Asistencia del 01/01/2026", "check_in_location": "", "check_out_location": "", "created_at": "2026-01-03T22:15:46.357Z"}}, {"model": "attendance.attendance", "pk": 32, "fields": {"employee": 11, "check_in": "2026-01-01T08:22:00Z", "check_out": "2026-01-01T17:52:00Z", "status": "late", "notes": "Asistencia del 01/01/2026", "check_in_location": "", "check_out_location": "", "created_at": "2026-01-03T22:15:46.361Z"}}, {"model": "attendance.attendance", "pk": 33, "fields": {"employee": 12, "check_in": "2026-01-01T08:04:00Z", "check_out": "2026-01-01T17:10:00Z", "status": "late", "notes": "Asistencia del 01/01/2026", "check_in_location": "", "check_out_location": "", "created_at": "2026-01-03T22:15:46.365Z"}}, {"model": "attendance.attendance", "pk": 34, "fields": {"employee": 13, "check_in": "2026-01-01T08:25:00Z", "check_out": "2026-01-01T16:07:00Z", "status": "late", "notes": "Asistencia del 01/01/2026", "check_in_location": "", "check_out_location": "", "created_at": "2026-01-03T22:15:46.369Z"}}, {"model": "attendance.attendance", "pk": 35, "fields": {"employee": 14, "check_in": "2026-01-01T08:07:00Z", "check_out": "2026-01-01T17:01:00Z", "status": "late", "notes": "Asistencia del 01/01/2026", "check_in_location": "", "check_out_location": "", "created_at": "2026-01-03T22:15:46.373Z"}}, {"model": "attendance.attendance", "pk": 36, "fields": {"employee": 3, "check_in": "2025-12-31T07:21:00Z", "check_out": "2025-12-31T17:38:00Z", "status": "present", "notes": "Asistencia del 31/12/2025", "check_in_location": "", "check_out_location": "", "created_at": "2026-01-03T22:15:46.377Z"}}, {"model": "attendance.attendance", "pk": 37, "fields": {"employee": 4, "check_in": "2025-12-31T07:35:00Z", "check_out": "2025-12-31T17:56:00Z", "status": "present", "notes": "Asistencia del 31/12/2025", "check_in_location": "", "check_out_location": "", "created_at": "2026-01-03T22:15:46.381Z"}}, {"model": "attendance.attendance", "pk": 38, "fields": {"employee": 5, "check_in": "2025-12-31T08:03:00Z", "check_out": "2025-12-31T17:48:00Z", "status": "late", "notes": "Asistencia del 31/12/2025", "check_in_location": "", "check_out_location": "", "created_at": "2026-01-03T22:15:46.385Z"}}, {"model": "attendance.attendance", "pk": 39, "fields": {"employee": 6, "check_in": "2025-12-31T08:26:00Z", "check_out": "2025-12-31T16:25:00Z", "status": "late", "notes": "Asistencia del 31/12/2025", "check_in_location": "", "check_out_location": "", "created_at": "2026-01-03T22:15:46.389Z"}}, {"model": "attendance.attendance", "pk": 40, "fields": {"employee": 7, "check_in": "2025-12-31T07:32:00Z", "check_out": "2025-12-31T17:38:00Z", "status": "present", "notes": "Asistencia del 31/12/2025", "check_in_location": "", "check_out_location": "", "created_at": "2026-01-03T22:15:46.394Z"}}, {"model": "attendance.attendance", "pk": 41, "fields": {"employee": 8, "check_in": "2025-12-31T08:19:00Z", "check_out": "2025-12-31T17:26:00Z", "status": "late", "notes": "Asistencia del 31/12/2025", "check_in_location": "", "check_out_location": "", "created_at": "2026-01-03T22:15:46.398Z"}}, {"model": "attendance.attendance", "pk": 42, "fields": {"employee": 9, "check_in": "2025-12-31T07:24:00Z", "check_out": "2025-12-31T17:12:00Z", "status": "present", "notes": "Asistencia del 31/12/2025", "check_in_location": "", "check_out_location": "", "created_at": "2026-01-03T22:15:46.402Z"}}, {"model": "attendance.attendance", "pk": 43, "fields": {"employee": 10, "check_in": "2025-12-31T07:29:00Z", "check_out": "2025-12-31T16:05:00Z", "status": "present", "notes": "Asistencia del 31/12/2025", "check_in_location": "", "check_out_location": "", "created_at": "2026-01-03T22:15:46.406Z"}}, {"model": "attendance.attendance", "pk": 44, "fields": {"employee": 11, "check_in": "2025-12-31T08:13:00Z", "check_out": "2025-12-31T17:20:00Z", "status": "late", "notes": "Asistencia del 31/12/2025", "check_in_location": "", "check_out_location": "", "created_at": "2026-01-03T22:15:46.410Z"}}, {"model": "attendance.attendance", "pk": 45, "fields": {"employee": 12, "check_in": "2025-12-31T07:21:00Z", "check_out": "2025-12-31T17:14:00Z", "status": "present", "notes": "Asistencia del 31/12/2025", "check_in_location": "", "check_out_location": "", "created_at": "2026-01-03T22:15:46.414Z"}}, {"model": "attendance.attendance", "pk": 46, "fields": {"employee": 13, "check_in": "2025-12-31T07:44:00Z", "check_out": "2025-12-31T17:29:00Z", "status": "present", "notes": "Asistencia del 31/12/2025", "check_in_location": "", "check_out_location": "", "created_at": "2026-01-03T22:15:46.418Z"}}, {"model": "attendance.attendance", "pk": 47, "fields": {"employee": 14, "check_in": "2025-12-31T07:35:00Z", "check_out": "2025-12-31T16:16:00Z", "status": "present", "notes": "Asistencia del 31/12/2025", "check_in_location": "", "check_out_location": "", "created_at": "2026-01-03T22:15:46.422Z"}}, {"model": "attendance.attendance", "pk": 48, "fields": {"employee": 3, "check_in": "2025-12-30T07:01:00Z", "check_out": "2025-12-30T17:18:00Z", "status": "present", "notes": "Asistencia del 30/12/2025", "check_in_location": "", "check_out_location": "", "created_at": "2026-01-03T22:15:46.426Z"}}, {"model": "attendance.attendance", "pk": 49, "fields": {"employee": 4, "check_in": "2025-12-30T07:12:00Z", "check_out": "2025-12-30T16:16:00Z", "status": "present", "notes": "Asistencia del 30/12/2025", "check_in_location": "", "check_out_location": "", "created_at": "2026-01-03T22:15:46.430Z"}}, {"model": "attendance.attendance", "pk": 50, "fields": {"employee": 5, "check_in": "2025-12-30T08:20:00Z", "check_out": "2025-12-30T17:02:00Z", "status": "late", "notes": "Asistencia del 30/12/2025", "check_in_location": "", "check_out_location": "", "created_at": "2026-01-03T22:15:46.434Z"}}, {"model": "attendance.attendance", "pk": 51, "fields": {"employee": 6, "check_in": "2025-12-30T07:44:00Z", "check_out": "2025-12-30T16:36:00Z", "status": "present", "notes": "Asistencia del 30/12/2025", "check_in_location": "", "check_out_location": "", "created_at": "2026-01-03T22:15:46.438Z"}}, {"model": "attendance.attendance", "pk": 52, "fields": {"employee": 7, "check_in": "2025-12-30T08:07:00Z", "check_out": "2025-12-30T16:57:00Z", "status": "late", "notes": "Asistencia del 30/12/2025", "check_in_location": "", "check_out_location": "", "created_at": "2026-01-03T22:15:46.442Z"}}, {"model": "attendance.attendance", "pk": 53, "fields": {"employee": 8, "check_in": "2025-12-30T07:19:00Z", "check_out": "2025-12-30T16:27:00Z", "status": "present", "notes": "Asistencia del 30/12/2025", "check_in_location": "", "check_out_location": "", "created_at": "2026-01-03T22:15:46.446Z"}}, {"model": "attendance.attendance", "pk": 54, "fields": {"employee": 9, "check_in": "2025-12-30T08:22:00Z", "check_out": "2025-12-30T16:55:00Z", "status": "late", "notes": "Asistencia del 30/12/2025", "check_in_location": "", "check_out_location": "", "created_at": "2026-01-03T22:15:46.450Z"}}, {"model": "attendance.attendance", "pk": 55, "fields": {"employee": 11, "check_in": "2025-12-30T07:50:00Z", "check_out": "2025-12-30T17:25:00Z", "status": "present", "notes": "Asistencia del 30/12/2025", "check_in_location": "", "check_out_location": "", "created_at": "2026-01-03T22:15:46.454Z"}}, {"model": "attendance.attendance", "pk": 56, "fields": {"employee": 12, "check_in": "2025-12-30T07:25:00Z", "check_out": "2025-12-30T17:07:00Z", "status": "present", "notes": "Asistencia del 30/12/2025", "check_in_location": "", "check_out_location": "", "created_at": "2026-01-03T22:15:46.458Z"}}, {"model": "attendance.attendance", "pk": 57, "fields": {"employee": 13, "check_in": "2025-12-30T07:57:00Z", "check_out": "2025-12-30T17:44:00Z", "status": "present", "notes": "Asistencia del 30/12/2025", "check_in_location": "", "check_out_location": "", "created_at": "2026-01-03T22:15:46.462Z"}}, {"model": "attendance.attendance", "pk": 58, "fields": {"employee": 14, "check_in": "2025-12-30T07:51:00Z", "check_out": "2025-12-30T17:17:00Z", "status": "present", "notes": "Asistencia del 30/12/2025", "check_in_location": "", "check_out_location": "", "created_at": "2026-01-03T22:15:46.466Z"}}, {"model": "attendance.attendance", "pk": 59, "fields": {"employee": 3, "check_in": "2025-12-29T08:04:00Z", "check_out": "2025-12-29T16:24:00Z", "status": "late", "notes": "Asistencia del 29/12/2025", "check_in_location": "", "check_out_location": "", "created_at": "2026-01-03T22:15:46.470Z"}}, {"model": "attendance.attendance", "pk": 60, "fields": {"employee": 4, "check_in": "2025-12-29T08:09:00Z", "check_out": "2025-12-29T17:47:00Z", "status": "late", "notes": "Asistencia del 29/12/2025", "check_in_location": "", "check_out_location": "", "created_at": "2026-01-03T22:15:46.474Z"}}, {"model": "attendance.attendance", "pk": 61, "fields": {"employee": 5, "check_in": "2025-12-29T08:10:00Z", "check_out": "2025-12-29T17:23:00Z", "status": "late", "notes": "Asistencia del 29/12/2025", "check_in_location": "", "check_out_location": "", "created_at": "2026-01-03T22:15:46.478Z"}}, {"model": "attendance.attendance", "pk": 62, "fields": {"employee": 6, "check_in": "2025-12-29T07:20:00Z", "check_out": "2025-12-29T17:48:00Z", "status": "present", "notes": "Asistencia del 29/12/2025", "check_in_location": "", "check_out_location": "", "created_at": "2026-01-03T22:15:46.482Z"}}, {"model": "attendance.attendance", "pk": 63, "fields": {"employee": 7, "check_in": "2025-12-29T07:51:00Z", "check_out": "2025-12-29T16:41:00Z", "status": "present", "notes": "Asistencia del 29/12/2025", "check_in_location": "", "check_out_location": "", "created_at": "2026-01-03T22:15:46.486Z"}}, {"model": "attendance.attendance", "pk": 64, "fields": {"employee": 8, "check_in": "2025-12-29T08:01:00Z", "check_out": "2025-12-29T17:28:00Z", "status": "late", "notes": "Asistencia del 29/12/2025", "check_in_location": "", "check_out_location": "", "created_at": "2026-01-03T22:15:46.490Z"}}, {"model": "attendance.attendance", "pk": 65, "fields": {"employee": 9, "check_in": "2025-12-29T08:01:00Z", "check_out": "2025-12-29T17:29:00Z", "status": "late", "notes": "Asistencia del 29/12/2025", "check_in_location": "", "check_out_location": "", "created_at": "2026-01-03T22:15:46.494Z"}}, {"model": "attendance.attendance", "pk": 66, "fields": {"employee": 10, "check_in": "2025-12-29T08:24:00Z", "check_out": "2025-12-29T17:36:00Z", "status": "late", "notes": "Asistencia del 29/12/2025", "check_in_location": "", "check_out_location": "", "created_at": "2026-01-03T22:15:46.498Z"}}, {"model": "attendance.attendance", "pk": 67, "fields": {"employee": 11, "check_in": "2025-12-29T07:51:00Z", "check_out": "2025-12-29T16:04:00Z", "status": "present", "notes": "Asistencia del 29/12/2025", "check_in_location": "", "check_out_location": "", "created_at": "2026-01-03T22:15:46.502Z"}}, {"model": "attendance.attendance", "pk": 68, "fields": {"employee": 13, "check_in": "2025-12-29T08:13:00Z", "check_out": "2025-12-29T17:28:00Z", "status": "late", "notes": "Asistencia del 29/12/2025", "check_in_location": "", "check_out_location": "", "created_at": "2026-01-03T22:15:46.506Z"}}, {"model": "attendance.attendance", "pk": 69, "fields": {"employee": 14, "check_in": "2025-12-29T07:18:00Z", "check_out": "2025-12-29T17:19:00Z", "status": "present", "notes": "Asistencia del 29/12/2025", "check_in_location": "", "check_out_location": "", "created_at": "2026-01-03T22:15:46.510Z"}}, {"model": "attendance.attendance", "pk": 70, "fields": {"employee": 3, "check_in": "2025-12-28T07:31:00Z", "check_out": "2025-12-28T17:14:00Z", "status": "present", "notes": "Asistencia del 28/12/2025", "check_in_location": "", "check_out_location": "", "created_at": "2026-01-03T22:15:46.514Z"}}, {"model": "attendance.attendance", "pk": 71, "fields": {"employee": 4, "check_in": "2025-12-28T08:30:00Z", "check_out": "2025-12-28T16:01:00Z", "status": "late", "notes": "Asistencia del 28/12/2025", "check_in_location": "", "check_out_location": "", "created_at": "2026-01-03T22:15:46.518Z"}}, {"model": "attendance.attendance", "pk": 72, "fields": {"employee": 5, "check_in": "2025-12-28T08:22:00Z", "check_out": "2025-12-28T17:18:00Z", "status": "late", "notes": "Asistencia del 28/12/2025", "check_in_location": "", "check_out_location": "", "created_at": "2026-01-03T22:15:46.522Z"}}, {"model": "attendance.attendance", "pk": 73, "fields": {"employee": 6, "check_in": "2025-12-28T07:33:00Z", "check_out": "2025-12-28T16:10:00Z", "status": "present", "notes": "Asistencia del 28/12/2025", "check_in_location": "", "check_out_location": "", "created_at": "2026-01-03T22:15:46.526Z"}}, {"model": "attendance.attendance", "pk": 74, "fields": {"employee": 8, "check_in": "2025-12-28T07:54:00Z", "check_out": "2025-12-28T17:13:00Z", "status": "present", "notes": "Asistencia del 28/12/2025", "check_in_location": "", "check_out_location": "", "created_at": "2026-01-03T22:15:46.530Z"}}, {"model": "attendance.attendance", "pk": 75, "fields": {"employee": 9, "check_in": "2025-12-28T07:34:00Z", "check_out": "2025-12-28T17:20:00Z", "status": "present", "notes": "Asistencia del 28/12/2025", "check_in_location": "", "check_out_location": "", "created_at": "2026-01-03T22:15:46.534Z"}}, {"model": "attendance.attendance", "pk": 76, "fields": {"employee": 10, "check_in": "2025-12-28T07:51:00Z", "check_out": "2025-12-28T17:24:00Z", "status": "present", "notes": "Asistencia del 28/12/2025", "check_in_location": "", "check_out_location": "", "created_at": "2026-01-03T22:15:46.538Z"}}, {"model": "attendance.attendance", "pk": 77, "fields": {"employee": 11, "check_in": "2025-12-28T07:54:00Z", "check_out": "2025-12-28T16:04:00Z", "status": "present", "notes": "Asistencia del 28/12/2025", "check_in_location": "", "check_out_location": "", "created_at": "2026-01-03T22:15:46.543Z"}}, {"model": "attendance.attendance", "pk": 78, "fields": {"employee": 12, "check_in": "2025-12-28T07:16:00Z", "check_out": "2025-12-28T17:50:00Z", "status": "present", "notes": "Asistencia del 28/12/2025", "check_in_location": "", "check_out_location": "", "created_at": "2026-01-03T22:15:46.547Z"}}, {"model": "attendance.attendance", "pk": 79, "fields": {"employee": 13, "check_in": "2025-12-28T07:53:00Z", "check_out": "2025-12-28T16:55:00Z", "status": "present", "notes": "Asistencia del 28/12/2025", "check_in_location": "", "check_out_location": "", "created_at": "2026-01-03T22:15:46.551Z"}}, {"model": "attendance.attendance", "pk": 80, "fields": {"employee": 14, "check_in": "2025-12-28T07:33:00Z", "check_out": "2025-12-28T17:15:00Z", "status": "present", "notes": "Asistencia del 28/12/2025", "check_in_location": "", "check_out_location": "", "created_at": "2026-01-03T22:15:46.555Z"}}, {"model": "attendance.attendance", "pk": 81, "fields": {"employee": 3, "check_in": "2025-12-27T07:28:00Z", "check_out": "2025-12-27T16:46:00Z", "status": "present", "notes": "Asistencia del 27/12/2025", "check_in_location": "", "check_out_location": "", "created_at": "2026-01-03T22:15:46.559Z"}}, {"model": "attendance.attendance", "pk": 82, "fields": {"employee": 4, "check_in": "2025-12-27T07:15:00Z", "check_out": "2025-12-27T17:04:00Z", "status": "present", "notes": "Asistencia del 27/12/2025", "check_in_location": "", "check_out_location": "", "created_at": "2026-01-03T22:15:46.563Z"}}, {"model": "attendance.attendance", "pk": 83, "fields": {"employee": 5, "check_in": "2025-12-27T08:22:00Z", "check_out": "2025-12-27T17:40:00Z", "status": "late", "notes": "Asistencia del 27/12/2025", "check_in_location": "", "check_out_location": "", "created_at": "2026-01-03T22:15:46.567Z"}}, {"model": "attendance.attendance", "pk": 84, "fields": {"employee": 6, "check_in": "2025-12-27T08:13:00Z", "check_out": "2025-12-27T16:54:00Z", "status": "late", "notes": "Asistencia del 27/12/2025", "check_in_location": "", "check_out_location": "", "created_at": "2026-01-03T22:15:46.571Z"}}, {"model": "attendance.attendance", "pk": 85, "fields": {"employee": 8, "check_in": "2025-12-27T07:16:00Z", "check_out": "2025-12-27T16:04:00Z", "status": "present", "notes": "Asistencia del 27/12/2025", "check_in_location": "", "check_out_location": "", "created_at": "2026-01-03T22:15:46.575Z"}}, {"model": "attendance.attendance", "pk": 86, "fields": {"employee": 9, "check_in": "2025-12-27T07:55:00Z", "check_out": "2025-12-27T17:05:00Z", "status": "present", "notes": "Asistencia del 27/12/2025", "check_in_location": "", "check_out_location": "", "created_at": "2026-01-03T22:15:46.579Z"}}, {"model": "attendance.attendance", "pk": 87, "fields": {"employee": 10, "check_in": "2025-12-27T07:09:00Z", "check_out": "2025-12-27T16:06:00Z", "status": "present", "notes": "Asistencia del 27/12/2025", "check_in_location": "", "check_out_location": "", "created_at": "2026-01-03T22:15:46.583Z"}}, {"model": "attendance.attendance", "pk": 88, "fields": {"employee": 11, "check_in": "2025-12-27T08:13:00Z", "check_out": "2025-12-27T17:43:00Z", "status": "late", "notes": "Asistencia del 27/12/2025", "check_in_location": "", "check_out_location": "", "created_at": "2026-01-03T22:15:46.587Z"}}, {"model": "attendance.attendance", "pk": 89, "fields": {"employee": 12, "check_in": "2025-12-27T07:31:00Z", "check_out": "2025-12-27T16:05:00Z", "status": "present", "notes": "Asistencia del 27/12/2025", "check_in_location": "", "check_out_location": "", "created_at": "2026-01-03T22:15:46.591Z"}}, {"model": "attendance.attendance", "pk": 90, "fields": {"employee": 14, "check_in": "2025-12-27T08:04:00Z", "check_out": "2025-12-27T16:50:00Z", "status": "late", "notes": "Asistencia del 27/12/2025", "check_in_location": "", "check_out_location": "", "created_at": "2026-01-03T22:15:46.595Z"}}, {"model": "attendance.attendance", "pk": 91, "fields": {"employee": 3, "check_in": "2025-12-26T07:07:00Z", "check_out": "2025-12-26T16:54:00Z", "status": "present", "notes": "Asistencia del 26/12/2025", "check_in_location": "", "check_out_location": "", "created_at": "2026-01-03T22:15:46.599Z"}}, {"model": "attendance.attendance", "pk": 92, "fields": {"employee": 4, "check_in": "2025-12-26T08:29:00Z", "check_out": "2025-12-26T17:18:00Z", "status": "late", "notes": "Asistencia del 26/12/2025", "check_in_location": "", "check_out_location": "", "created_at": "2026-01-03T22:15:46.603Z"}}, {"model": "attendance.attendance", "pk": 93, "fields": {"employee": 5, "check_in": "2025-12-26T07:57:00Z", "check_out": "2025-12-26T17:10:00Z", "status": "present", "notes": "Asistencia del 26/12/2025", "check_in_location": "", "check_out_location": "", "created_at": "2026-01-03T22:15:46.607Z"}}, {"model": "attendance.attendance", "pk": 94, "fields": {"employee": 7, "check_in": "2025-12-26T08:05:00Z", "check_out": "2025-12-26T17:23:00Z", "status": "late", "notes": "Asistencia del 26/12/2025", "check_in_location": "", "check_out_location": "", "created_at": "2026-01-03T22:15:46.611Z"}}, {"model": "attendance.attendance", "pk": 95, "fields": {"employee": 8, "check_in": "2025-12-26T08:03:00Z", "check_out": "2025-12-26T16:20:00Z", "status": "late", "notes": "Asistencia del 26/12/2025", "check_in_location": "", "check_out_location": "", "created_at": "2026-01-03T22:15:46.615Z"}}, {"model": "attendance.attendance", "pk": 96, "fields": {"employee": 9, "check_in": "2025-12-26T07:05:00Z", "check_out": "2025-12-26T17:27:00Z", "status": "present", "notes": "Asistencia del 26/12/2025", "check_in_location": "", "check_out_location": "", "created_at": "2026-01-03T22:15:46.619Z"}}, {"model": "attendance.attendance", "pk": 97, "fields": {"employee": 10, "check_in": "2025-12-26T07:19:00Z", "check_out": "2025-12-26T16:04:00Z", "status": "present", "notes": "Asistencia del 26/12/2025", "check_in_location": "", "check_out_location": "", "created_at": "2026-01-03T22:15:46.623Z"}}, {"model": "attendance.attendance", "pk": 98, "fields": {"employee": 11, "check_in": "2025-12-26T08:24:00Z", "check_out": "2025-12-26T17:10:00Z", "status": "late", "notes": "Asistencia del 26/12/2025", "check_in_location": "", "check_out_location": "", "created_at": "2026-01-03T22:15:46.627Z"}}, {"model": "attendance.attendance", "pk": 99, "fields": {"employee": 12, "check_in": "2025-12-26T07:28:00Z", "check_out": "2025-12-26T17:17:00Z", "status": "present", "notes": "Asistencia del 26/12/2025", "check_in_location": "", "check_out_location": "", "created_at": "2026-01-03T22:15:46.631Z"}}, {"model": "attendance.attendance", "pk": 100, "fields": {"employee": 13, "check_in": "2025-12-26T07:50:00Z", "check_out": "2025-12-26T17:41:00Z", "status": "present", "notes": "Asistencia del 26/12/2025", "check_in_location": "", "check_out_location": "", "created_at": "2026-01-03T22:15:46.635Z"}}, {"model": "attendance.attendance", "pk": 101, "fields": {"employee": 14, "check_in": "2025-12-26T08:27:00Z", "check_out": "2025-12-26T17:04:00Z", "status": "late", "notes": "Asistencia del 26/12/2025", "check_in_location": "", "check_out_location": "", "created_at": "2026-01-03T22:15:46.639Z"}}, {"model": "attendance.attendance", "pk": 102, "fields": {"employee": 3, "check_in": "2025-12-25T07:46:00Z", "check_out": "2025-12-25T17:18:00Z", "status": "present", "notes": "Asistencia del 25/12/2025", "check_in_location": "", "check_out_location": "", "created_at": "2026-01-03T22:15:46.643Z"}}, {"model": "attendance.attendance", "pk": 103, "fields": {"employee": 4, "check_in": "2025-12-25T07:43:00Z", "check_out": "2025-12-25T17:22:00Z", "status": "present", "notes": "Asistencia del 25/12/2025", "check_in_location": "", "check_out_location": "", "created_at": "2026-01-03T22:15:46.647Z"}}, {"model": "attendance.attendance", "pk": 104, "fields": {"employee": 5, "check_in": "2025-12-25T07:04:00Z", "check_out": "2025-12-25T17:54:00Z", "status": "present", "notes": "Asistencia del 25/12/2025", "check_in_location": "", "check_out_location": "", "created_at": "2026-01-03T22:15:46.651Z"}}, {"model": "attendance.attendance", "pk": 105, "fields": {"employee": 6, "check_in": "2025-12-25T08:13:00Z", "check_out": "2025-12-25T17:45:00Z", "status": "late", "notes": "Asistencia del 25/12/2025", "check_in_location": "", "check_out_location": "", "created_at": "2026-01-03T22:15:46.655Z"}}, {"model": "attendance.attendance", "pk": 106, "fields": {"employee": 7, "check_in": "2025-12-25T08:15:00Z", "check_out": "2025-12-25T17:25:00Z", "status": "late", "notes": "Asistencia del 25/12/2025", "check_in_location": "", "check_out_location": "", "created_at": "2026-01-03T22:15:46.659Z"}}, {"model": "attendance.attendance", "pk": 107, "fields": {"employee": 8, "check_in": "2025-12-25T07:46:00Z", "check_out": "2025-12-25T17:10:00Z", "status": "present", "notes": "Asistencia del 25/12/2025", "check_in_location": "", "check_out_location": "", "created_at": "2026-01-03T22:15:46.664Z"}}, {"model": "attendance.attendance", "pk": 108, "fields": {"employee": 9, "check_in": "2025-12-25T08:05:00Z", "check_out": "2025-12-25T17:12:00Z", "status": "late", "notes": "Asistencia del 25/12/2025", "check_in_location": "", "check_out_location": "", "created_at": "2026-01-03T22:15:46.668Z"}}, {"model": "attendance.attendance", "pk": 109, "fields": {"employee": 10, "check_in": "2025-12-25T07:56:00Z", "check_out": "2025-12-25T17:15:00Z", "status": "present", "notes": "Asistencia del 25/12/2025", "check_in_location": "", "check_out_location": "", "created_at": "2026-01-03T22:15:46.672Z"}}, {"model": "attendance.attendance", "pk": 110, "fields": {"employee": 11, "check_in": "2025-12-25T08:03:00Z", "check_out": "2025-12-25T17:46:00Z", "status": "late", "notes": "Asistencia del 25/12/2025", "check_in_location": "", "check_out_location": "", "created_at": "2026-01-03T22:15:46.676Z"}}, {"model": "attendance.attendance", "pk": 111, "fields": {"employee": 12, "check_in": "2025-12-25T07:49:00Z", "check_out": "2025-12-25T16:19:00Z", "status": "present", "notes": "Asistencia del 25/12/2025", "check_in_location": "", "check_out_location": "", "created_at": "2026-01-03T22:15:46.681Z"}}, {"model": "attendance.attendance", "pk": 112, "fields": {"employee": 13, "check_in": "2025-12-25T07:46:00Z", "check_out": "2025-12-25T17:06:00Z", "status": "present", "notes": "Asistencia del 25/12/2025", "check_in_location": "", "check_out_location": "", "created_at": "2026-01-03T22:15:46.685Z"}}, {"model": "attendance.attendance", "pk": 113, "fields": {"employee": 14, "check_in": "2025-12-25T07:54:00Z", "check_out": "2025-12-25T17:04:00Z", "status": "present", "notes": "Asistencia del 25/12/2025", "check_in_location": "", "check_out_location": "", "created_at": "2026-01-03T22:15:46.689Z"}}, {"model": "attendance.attendance", "pk": 114, "fields": {"employee": 3, "check_in": "2025-12-24T07:27:00Z", "check_out": "2025-12-24T17:37:00Z", "status": "present", "notes": "Asistencia del 24/12/2025", "check_in_location": "", "check_out_location": "", "created_at": "2026-01-03T22:15:46.694Z"}}, {"model": "attendance.attendance", "pk": 115, "fields": {"employee": 4, "check_in": "2025-12-24T08:15:00Z", "check_out": "2025-12-24T17:49:00Z", "status": "late", "notes": "Asistencia del 24/12/2025", "check_in_location": "", "check_out_location": "", "created_at": "2026-01-03T22:15:46.698Z"}}, {"model": "attendance.attendance", "pk": 116, "fields": {"employee": 5, "check_in": "2025-12-24T08:04:00Z", "check_out": "2025-12-24T17:29:00Z", "status": "late", "notes": "Asistencia del 24/12/2025", "check_in_location": "", "check_out_location": "", "created_at": "2026-01-03T22:15:46.702Z"}}, {"model": "attendance.attendance", "pk": 117, "fields": {"employee": 6, "check_in": "2025-12-24T07:19:00Z", "check_out": "2025-12-24T17:15:00Z", "status": "present", "notes": "Asistencia del 24/12/2025", "check_in_location": "", "check_out_location": "", "created_at": "2026-01-03T22:15:46.706Z"}}, {"model": "attendance.attendance", "pk": 118, "fields": {"employee": 7, "check_in": "2025-12-24T07:13:00Z", "check_out": "2025-12-24T16:42:00Z", "status": "present", "notes": "Asistencia del 24/12/2025", "check_in_location": "", "check_out_location": "", "created_at": "2026-01-03T22:15:46.710Z"}}, {"model": "attendance.attendance", "pk": 119, "fields": {"employee": 9, "check_in": "2025-12-24T07:59:00Z", "check_out": "2025-12-24T17:44:00Z", "status": "present", "notes": "Asistencia del 24/12/2025", "check_in_location": "", "check_out_location": "", "created_at": "2026-01-03T22:15:46.714Z"}}, {"model": "attendance.attendance", "pk": 120, "fields": {"employee": 11, "check_in": "2025-12-24T08:23:00Z", "check_out": "2025-12-24T17:14:00Z", "status": "late", "notes": "Asistencia del 24/12/2025", "check_in_location": "", "check_out_location": "", "created_at": "2026-01-03T22:15:46.718Z"}}, {"model": "attendance.attendance", "pk": 121, "fields": {"employee": 12, "check_in": "2025-12-24T07:25:00Z", "check_out": "2025-12-24T17:37:00Z", "status": "present", "notes": "Asistencia del 24/12/2025", "check_in_location": "", "check_out_location": "", "created_at": "2026-01-03T22:15:46.722Z"}}, {"model": "attendance.attendance", "pk": 122, "fields": {"employee": 13, "check_in": "2025-12-24T07:06:00Z", "check_out": "2025-12-24T16:49:00Z", "status": "present", "notes": "Asistencia del 24/12/2025", "check_in_location": "", "check_out_location": "", "created_at": "2026-01-03T22:15:46.726Z"}}, {"model": "attendance.attendance", "pk": 123, "fields": {"employee": 3, "check_in": "2025-12-23T07:53:00Z", "check_out": "2025-12-23T17:36:00Z", "status": "present", "notes": "Asistencia del 23/12/2025", "check_in_location": "", "check_out_location": "", "created_at": "2026-01-03T22:15:46.731Z"}}, {"model": "attendance.attendance", "pk": 124, "fields": {"employee": 4, "check_in": "2025-12-23T08:10:00Z", "check_out": "2025-12-23T17:51:00Z", "status": "late", "notes": "Asistencia del 23/12/2025", "check_in_location": "", "check_out_location": "", "created_at": "2026-01-03T22:15:46.737Z"}}, {"model": "attendance.attendance", "pk": 125, "fields": {"employee": 5, "check_in": "2025-12-23T07:15:00Z", "check_out": "2025-12-23T17:15:00Z", "status": "present", "notes": "Asistencia del 23/12/2025", "check_in_location": "", "check_out_location": "", "created_at": "2026-01-03T22:15:46.742Z"}}, {"model": "attendance.attendance", "pk": 126, "fields": {"employee": 6, "check_in": "2025-12-23T08:08:00Z", "check_out": "2025-12-23T16:42:00Z", "status": "late", "notes": "Asistencia del 23/12/2025", "check_in_location": "", "check_out_location": "", "created_at": "2026-01-03T22:15:46.747Z"}}, {"model": "attendance.attendance", "pk": 127, "fields": {"employee": 7, "check_in": "2025-12-23T08:24:00Z", "check_out": "2025-12-23T16:55:00Z", "status": "late", "notes": "Asistencia del 23/12/2025", "check_in_location": "", "check_out_location": "", "created_at": "2026-01-03T22:15:46.752Z"}}, {"model": "attendance.attendance", "pk": 128, "fields": {"employee": 8, "check_in": "2025-12-23T08:18:00Z", "check_out": "2025-12-23T17:37:00Z", "status": "late", "notes": "Asistencia del 23/12/2025", "check_in_location": "", "check_out_location": "", "created_at": "2026-01-03T22:15:46.757Z"}}, {"model": "attendance.attendance", "pk": 129, "fields": {"employee": 9, "check_in": "2025-12-23T07:44:00Z", "check_out": "2025-12-23T16:46:00Z", "status": "present", "notes": "Asistencia del 23/12/2025", "check_in_location": "", "check_out_location": "", "created_at": "2026-01-03T22:15:46.761Z"}}, {"model": "attendance.attendance", "pk": 130, "fields": {"employee": 10, "check_in": "2025-12-23T08:01:00Z", "check_out": "2025-12-23T16:46:00Z", "status": "late", "notes": "Asistencia del 23/12/2025", "check_in_location": "", "check_out_location": "", "created_at": "2026-01-03T22:15:46.766Z"}}, {"model": "attendance.attendance", "pk": 131, "fields": {"employee": 11, "check_in": "2025-12-23T07:45:00Z", "check_out": "2025-12-23T16:00:00Z", "status": "present", "notes": "Asistencia del 23/12/2025", "check_in_location": "", "check_out_location": "", "created_at": "2026-01-03T22:15:46.771Z"}}, {"model": "attendance.attendance", "pk": 132, "fields": {"employee": 13, "check_in": "2025-12-23T08:25:00Z", "check_out": "2025-12-23T17:40:00Z", "status": "late", "notes": "Asistencia del 23/12/2025", "check_in_location": "", "check_out_location": "", "created_at": "2026-01-03T22:15:46.777Z"}}, {"model": "attendance.attendance", "pk": 133, "fields": {"employee": 14, "check_in": "2025-12-23T07:37:00Z", "check_out": "2025-12-23T17:05:00Z", "status": "present", "notes": "Asistencia del 23/12/2025", "check_in_location": "", "check_out_location": "", "created_at": "2026-01-03T22:15:46.782Z"}}, {"model": "attendance.attendance", "pk": 134, "fields": {"employee": 3, "check_in": "2025-12-22T07:33:00Z", "check_out": "2025-12-22T16:44:00Z", "status": "present", "notes": "Asistencia del 22/12/2025", "check_in_location": "", "check_out_location": "", "created_at": "2026-01-03T22:15:46.787Z"}}, {"model": "attendance.attendance", "pk": 135, "fields": {"employee": 4, "check_in": "2025-12-22T07:17:00Z", "check_out": "2025-12-22T17:10:00Z", "status": "present", "notes": "Asistencia del 22/12/2025", "check_in_location": "", "check_out_location": "", "created_at": "2026-01-03T22:15:46.792Z"}}, {"model": "attendance.attendance", "pk": 136, "fields": {"employee": 5, "check_in": "2025-12-22T08:21:00Z", "check_out": "2025-12-22T16:54:00Z", "status": "late", "notes": "Asistencia del 22/12/2025", "check_in_location": "", "check_out_location": "", "created_at": "2026-01-03T22:15:46.797Z"}}, {"model": "attendance.attendance", "pk": 137, "fields": {"employee": 7, "check_in": "2025-12-22T08:25:00Z", "check_out": "2025-12-22T17:47:00Z", "status": "late", "notes": "Asistencia del 22/12/2025", "check_in_location": "", "check_out_location": "", "created_at": "2026-01-03T22:15:46.801Z"}}, {"model": "attendance.attendance", "pk": 138, "fields": {"employee": 8, "check_in": "2025-12-22T08:24:00Z", "check_out": "2025-12-22T17:33:00Z", "status": "late", "notes": "Asistencia del 22/12/2025", "check_in_location": "", "check_out_location": "", "created_at": "2026-01-03T22:15:46.805Z"}}, {"model": "attendance.attendance", "pk": 139, "fields": {"employee": 9, "check_in": "2025-12-22T07:50:00Z", "check_out": "2025-12-22T16:48:00Z", "status": "present", "notes": "Asistencia del 22/12/2025", "check_in_location": "", "check_out_location": "", "created_at": "2026-01-03T22:15:46.809Z"}}, {"model": "attendance.attendance", "pk": 140, "fields": {"employee": 10, "check_in": "2025-12-22T08:03:00Z", "check_out": "2025-12-22T17:44:00Z", "status": "late", "notes": "Asistencia del 22/12/2025", "check_in_location": "", "check_out_location": "", "created_at": "2026-01-03T22:15:46.813Z"}}, {"model": "attendance.attendance", "pk": 141, "fields": {"employee": 11, "check_in": "2025-12-22T08:12:00Z", "check_out": "2025-12-22T17:52:00Z", "status": "late", "notes": "Asistencia del 22/12/2025", "check_in_location": "", "check_out_location": "", "created_at": "2026-01-03T22:15:46.817Z"}}, {"model": "attendance.attendance", "pk": 142, "fields": {"employee": 12, "check_in": "2025-12-22T08:24:00Z", "check_out": "2025-12-22T16:25:00Z", "status": "late", "notes": "Asistencia del 22/12/2025", "check_in_location": "", "check_out_location": "", "created_at": "2026-01-03T22:15:46.821Z"}}, {"model": "attendance.attendance", "pk": 143, "fields": {"employee": 13, "check_in": "2025-12-22T07:37:00Z", "check_out": "2025-12-22T16:02:00Z", "status": "present", "notes": "Asistencia del 22/12/2025", "check_in_location": "", "check_out_location": "", "created_at": "2026-01-03T22:15:46.826Z"}}, {"model": "attendance.attendance", "pk": 144, "fields": {"employee": 14, "check_in": "2025-12-22T07:15:00Z", "check_out": "2025-12-22T16:09:00Z", "status": "present", "notes": "Asistencia del 22/12/2025", "check_in_location": "", "check_out_location": "", "created_at": "2026-01-03T22:15:46.830Z"}}, {"model": "attendance.attendance", "pk": 145, "fields": {"employee": 3, "check_in": "2025-12-21T08:06:00Z", "check_out": "2025-12-21T16:30:00Z", "status": "late", "notes": "Asistencia del 21/12/2025", "check_in_location": "", "check_out_location": "", "created_at": "2026-01-03T22:15:46.835Z"}}, {"model": "attendance.attendance", "pk": 146, "fields": {"employee": 5, "check_in": "2025-12-21T07:00:00Z", "check_out": "2025-12-21T16:26:00Z", "status": "present", "notes": "Asistencia del 21/12/2025", "check_in_location": "", "check_out_location": "", "created_at": "2026-01-03T22:15:46.839Z"}}, {"model": "attendance.attendance", "pk": 147, "fields": {"employee": 6, "check_in": "2025-12-21T08:21:00Z", "check_out": "2025-12-21T17:08:00Z", "status": "late", "notes": "Asistencia del 21/12/2025", "check_in_location": "", "check_out_location": "", "created_at": "2026-01-03T22:15:46.845Z"}}, {"model": "attendance.attendance", "pk": 148, "fields": {"employee": 7, "check_in": "2025-12-21T07:48:00Z", "check_out": "2025-12-21T16:13:00Z", "status": "present", "notes": "Asistencia del 21/12/2025", "check_in_location": "", "check_out_location": "", "created_at": "2026-01-03T22:15:46.850Z"}}, {"model": "attendance.attendance", "pk": 149, "fields": {"employee": 8, "check_in": "2025-12-21T07:38:00Z", "check_out": "2025-12-21T16:18:00Z", "status": "present", "notes": "Asistencia del 21/12/2025", "check_in_location": "", "check_out_location": "", "created_at": "2026-01-03T22:15:46.854Z"}}, {"model": "attendance.attendance", "pk": 150, "fields": {"employee": 9, "check_in": "2025-12-21T08:16:00Z", "check_out": "2025-12-21T17:59:00Z", "status": "late", "notes": "Asistencia del 21/12/2025", "check_in_location": "", "check_out_location": "", "created_at": "2026-01-03T22:15:46.859Z"}}, {"model": "attendance.attendance", "pk": 151, "fields": {"employee": 10, "check_in": "2025-12-21T07:46:00Z", "check_out": "2025-12-21T17:04:00Z", "status": "present", "notes": "Asistencia del 21/12/2025", "check_in_location": "", "check_out_location": "", "created_at": "2026-01-03T22:15:46.864Z"}}, {"model": "attendance.attendance", "pk": 152, "fields": {"employee": 11, "check_in": "2025-12-21T07:37:00Z", "check_out": "2025-12-21T17:28:00Z", "status": "present", "notes": "Asistencia del 21/12/2025", "check_in_location": "", "check_out_location": "", "created_at": "2026-01-03T22:15:46.869Z"}}, {"model": "attendance.attendance", "pk": 153, "fields": {"employee": 12, "check_in": "2025-12-21T07:48:00Z", "check_out": "2025-12-21T16:10:00Z", "status": "present", "notes": "Asistencia del 21/12/2025", "check_in_location": "", "check_out_location": "", "created_at": "2026-01-03T22:15:46.876Z"}}, {"model": "attendance.attendance", "pk": 154, "fields": {"employee": 14, "check_in": "2025-12-21T07:38:00Z", "check_out": "2025-12-21T16:14:00Z", "status": "present", "notes": "Asistencia del 21/12/2025", "check_in_location": "", "check_out_location": "", "created_at": "2026-01-03T22:15:46.881Z"}}, {"model": "attendance.attendance", "pk": 155, "fields": {"employee": 4, "check_in": "2025-12-20T08:15:00Z", "check_out": "2025-12-20T17:28:00Z", "status": "late", "notes": "Asistencia del 20/12/2025", "check_in_location": "", "check_out_location": "", "created_at": "2026-01-03T22:15:46.885Z"}}, {"model": "attendance.attendance", "pk": 156, "fields": {"employee": 5, "check_in": "2025-12-20T08:28:00Z", "check_out": "2025-12-20T17:45:00Z", "status": "late", "notes": "Asistencia del 20/12/2025", "check_in_location": "", "check_out_location": "", "created_at": "2026-01-03T22:15:46.890Z"}}, {"model": "attendance.attendance", "pk": 157, "fields": {"employee": 6, "check_in": "2025-12-20T08:24:00Z", "check_out": "2025-12-20T16:07:00Z", "status": "late", "notes": "Asistencia del 20/12/2025", "check_in_location": "", "check_out_location": "", "created_at": "2026-01-03T22:15:46.894Z"}}, {"model": "attendance.attendance", "pk": 158, "fields": {"employee": 7, "check_in": "2025-12-20T08:01:00Z", "check_out": "2025-12-20T16:26:00Z", "status": "late", "notes": "Asistencia del 20/12/2025", "check_in_location": "", "check_out_location": "", "created_at": "2026-01-03T22:15:46.899Z"}}, {"model": "attendance.attendance", "pk": 159, "fields": {"employee": 8, "check_in": "2025-12-20T07:30:00Z", "check_out": "2025-12-20T16:46:00Z", "status": "present", "notes": "Asistencia del 20/12/2025", "check_in_location": "", "check_out_location": "", "created_at": "2026-01-03T22:15:46.903Z"}}, {"model": "attendance.attendance", "pk": 160, "fields": {"employee": 9, "check_in": "2025-12-20T08:12:00Z", "check_out": "2025-12-20T17:27:00Z", "status": "late", "notes": "Asistencia del 20/12/2025", "check_in_location": "", "check_out_location": "", "created_at": "2026-01-03T22:15:46.908Z"}}, {"model": "attendance.attendance", "pk": 161, "fields": {"employee": 10, "check_in": "2025-12-20T08:15:00Z", "check_out": "2025-12-20T17:38:00Z", "status": "late", "notes": "Asistencia del 20/12/2025", "check_in_location": "", "check_out_location": "", "created_at": "2026-01-03T22:15:46.912Z"}}, {"model": "attendance.attendance", "pk": 162, "fields": {"employee": 11, "check_in": "2025-12-20T08:26:00Z", "check_out": "2025-12-20T16:50:00Z", "status": "late", "notes": "Asistencia del 20/12/2025", "check_in_location": "", "check_out_location": "", "created_at": "2026-01-03T22:15:46.916Z"}}, {"model": "attendance.attendance", "pk": 163, "fields": {"employee": 12, "check_in": "2025-12-20T08:25:00Z", "check_out": "2025-12-20T16:09:00Z", "status": "late", "notes": "Asistencia del 20/12/2025", "check_in_location": "", "check_out_location": "", "created_at": "2026-01-03T22:15:46.920Z"}}, {"model": "attendance.attendance", "pk": 164, "fields": {"employee": 14, "check_in": "2025-12-20T07:11:00Z", "check_out": "2025-12-20T16:23:00Z", "status": "present", "notes": "Asistencia del 20/12/2025", "check_in_location": "", "check_out_location": "", "created_at": "2026-01-03T22:15:46.924Z"}}, {"model": "attendance.attendance", "pk": 165, "fields": {"employee": 3, "check_in": "2025-12-19T08:06:00Z", "check_out": "2025-12-19T16:38:00Z", "status": "late", "notes": "Asistencia del 19/12/2025", "check_in_location": "", "check_out_location": "", "created_at": "2026-01-03T22:15:46.928Z"}}, {"model": "attendance.attendance", "pk": 166, "fields": {"employee": 4, "check_in": "2025-12-19T08:25:00Z", "check_out": "2025-12-19T17:53:00Z", "status": "late", "notes": "Asistencia del 19/12/2025", "check_in_location": "", "check_out_location": "", "created_at": "2026-01-03T22:15:46.933Z"}}, {"model": "attendance.attendance", "pk": 167, "fields": {"employee": 5, "check_in": "2025-12-19T07:23:00Z", "check_out": "2025-12-19T17:04:00Z", "status": "present", "notes": "Asistencia del 19/12/2025", "check_in_location": "", "check_out_location": "", "created_at": "2026-01-03T22:15:46.937Z"}}, {"model": "attendance.attendance", "pk": 168, "fields": {"employee": 6, "check_in": "2025-12-19T07:09:00Z", "check_out": "2025-12-19T16:38:00Z", "status": "present", "notes": "Asistencia del 19/12/2025", "check_in_location": "", "check_out_location": "", "created_at": "2026-01-03T22:15:46.942Z"}}, {"model": "attendance.attendance", "pk": 169, "fields": {"employee": 7, "check_in": "2025-12-19T08:16:00Z", "check_out": "2025-12-19T16:05:00Z", "status": "late", "notes": "Asistencia del 19/12/2025", "check_in_location": "", "check_out_location": "", "created_at": "2026-01-03T22:15:46.946Z"}}, {"model": "attendance.attendance", "pk": 170, "fields": {"employee": 8, "check_in": "2025-12-19T08:09:00Z", "check_out": "2025-12-19T17:13:00Z", "status": "late", "notes": "Asistencia del 19/12/2025", "check_in_location": "", "check_out_location": "", "created_at": "2026-01-03T22:15:46.950Z"}}, {"model": "attendance.attendance", "pk": 171, "fields": {"employee": 10, "check_in": "2025-12-19T08:23:00Z", "check_out": "2025-12-19T16:01:00Z", "status": "late", "notes": "Asistencia del 19/12/2025", "check_in_location": "", "check_out_location": "", "created_at": "2026-01-03T22:15:46.954Z"}}, {"model": "attendance.attendance", "pk": 172, "fields": {"employee": 11, "check_in": "2025-12-19T07:33:00Z", "check_out": "2025-12-19T17:22:00Z", "status": "present", "notes": "Asistencia del 19/12/2025", "check_in_location": "", "check_out_location": "", "created_at": "2026-01-03T22:15:46.958Z"}}, {"model": "attendance.attendance", "pk": 173, "fields": {"employee": 12, "check_in": "2025-12-19T07:34:00Z", "check_out": "2025-12-19T17:01:00Z", "status": "present", "notes": "Asistencia del 19/12/2025", "check_in_location": "", "check_out_location": "", "created_at": "2026-01-03T22:15:46.962Z"}}, {"model": "attendance.attendance", "pk": 174, "fields": {"employee": 13, "check_in": "2025-12-19T07:06:00Z", "check_out": "2025-12-19T16:16:00Z", "status": "present", "notes": "Asistencia del 19/12/2025", "check_in_location": "", "check_out_location": "", "created_at": "2026-01-03T22:15:46.966Z"}}, {"model": "attendance.attendance", "pk": 175, "fields": {"employee": 14, "check_in": "2025-12-19T08:08:00Z", "check_out": "2025-12-19T16:59:00Z", "status": "late", "notes": "Asistencia del 19/12/2025", "check_in_location": "", "check_out_location": "", "created_at": "2026-01-03T22:15:46.971Z"}}, {"model": "attendance.attendance", "pk": 176, "fields": {"employee": 3, "check_in": "2025-12-18T08:23:00Z", "check_out": "2025-12-18T17:04:00Z", "status": "late", "notes": "Asistencia del 18/12/2025", "check_in_location": "", "check_out_location": "", "created_at": "2026-01-03T22:15:46.975Z"}}, {"model": "attendance.attendance", "pk": 177, "fields": {"employee": 4, "check_in": "2025-12-18T08:28:00Z", "check_out": "2025-12-18T16:51:00Z", "status": "late", "notes": "Asistencia del 18/12/2025", "check_in_location": "", "check_out_location": "", "created_at": "2026-01-03T22:15:46.979Z"}}, {"model": "attendance.attendance", "pk": 178, "fields": {"employee": 5, "check_in": "2025-12-18T08:04:00Z", "check_out": "2025-12-18T17:00:00Z", "status": "late", "notes": "Asistencia del 18/12/2025", "check_in_location": "", "check_out_location": "", "created_at": "2026-01-03T22:15:46.983Z"}}, {"model": "attendance.attendance", "pk": 179, "fields": {"employee": 6, "check_in": "2025-12-18T08:12:00Z", "check_out": "2025-12-18T17:28:00Z", "status": "late", "notes": "Asistencia del 18/12/2025", "check_in_location": "", "check_out_location": "", "created_at": "2026-01-03T22:15:46.987Z"}}, {"model": "attendance.attendance", "pk": 180, "fields": {"employee": 7, "check_in": "2025-12-18T07:38:00Z", "check_out": "2025-12-18T17:10:00Z", "status": "present", "notes": "Asistencia del 18/12/2025", "check_in_location": "", "check_out_location": "", "created_at": "2026-01-03T22:15:46.991Z"}}, {"model": "attendance.attendance", "pk": 181, "fields": {"employee": 8, "check_in": "2025-12-18T08:10:00Z", "check_out": "2025-12-18T17:31:00Z", "status": "late", "notes": "Asistencia del 18/12/2025", "check_in_location": "", "check_out_location": "", "created_at": "2026-01-03T22:15:46.995Z"}}, {"model": "attendance.attendance", "pk": 182, "fields": {"employee": 9, "check_in": "2025-12-18T08:23:00Z", "check_out": "2025-12-18T17:51:00Z", "status": "late", "notes": "Asistencia del 18/12/2025", "check_in_location": "", "check_out_location": "", "created_at": "2026-01-03T22:15:46.999Z"}}, {"model": "attendance.attendance", "pk": 183, "fields": {"employee": 10, "check_in": "2025-12-18T07:47:00Z", "check_out": "2025-12-18T17:17:00Z", "status": "present", "notes": "Asistencia del 18/12/2025", "check_in_location": "", "check_out_location": "", "created_at": "2026-01-03T22:15:47.003Z"}}, {"model": "attendance.attendance", "pk": 184, "fields": {"employee": 11, "check_in": "2025-12-18T08:17:00Z", "check_out": "2025-12-18T16:49:00Z", "status": "late", "notes": "Asistencia del 18/12/2025", "check_in_location": "", "check_out_location": "", "created_at": "2026-01-03T22:15:47.007Z"}}, {"model": "attendance.attendance", "pk": 185, "fields": {"employee": 12, "check_in": "2025-12-18T07:48:00Z", "check_out": "2025-12-18T16:10:00Z", "status": "present", "notes": "Asistencia del 18/12/2025", "check_in_location": "", "check_out_location": "", "created_at": "2026-01-03T22:15:47.011Z"}}, {"model": "attendance.attendance", "pk": 186, "fields": {"employee": 13, "check_in": "2025-12-18T08:23:00Z", "check_out": "2025-12-18T17:00:00Z", "status": "late", "notes": "Asistencia del 18/12/2025", "check_in_location": "", "check_out_location": "", "created_at": "2026-01-03T22:15:47.015Z"}}, {"model": "attendance.attendance", "pk": 187, "fields": {"employee": 14, "check_in": "2025-12-18T08:06:00Z", "check_out": "2025-12-18T16:28:00Z", "status": "late", "notes": "Asistencia del 18/12/2025", "check_in_location": "", "check_out_location": "", "created_at": "2026-01-03T22:15:47.019Z"}}, {"model": "attendance.attendance", "pk": 188, "fields": {"employee": 4, "check_in": "2025-12-17T08:14:00Z", "check_out": "2025-12-17T17:54:00Z", "status": "late", "notes": "Asistencia del 17/12/2025", "check_in_location": "", "check_out_location": "", "created_at": "2026-01-03T22:15:47.024Z"}}, {"model": "attendance.attendance", "pk": 189, "fields": {"employee": 5, "check_in": "2025-12-17T08:25:00Z", "check_out": "2025-12-17T17:32:00Z", "status": "late", "notes": "Asistencia del 17/12/2025", "check_in_location": "", "check_out_location": "", "created_at": "2026-01-03T22:15:47.028Z"}}, {"model": "attendance.attendance", "pk": 190, "fields": {"employee": 6, "check_in": "2025-12-17T08:16:00Z", "check_out": "2025-12-17T17:04:00Z", "status": "late", "notes": "Asistencia del 17/12/2025", "check_in_location": "", "check_out_location": "", "created_at": "2026-01-03T22:15:47.032Z"}}, {"model": "attendance.attendance", "pk": 191, "fields": {"employee": 7, "check_in": "2025-12-17T08:22:00Z", "check_out": "2025-12-17T16:34:00Z", "status": "late", "notes": "Asistencia del 17/12/2025", "check_in_location": "", "check_out_location": "", "created_at": "2026-01-03T22:15:47.036Z"}}, {"model": "attendance.attendance", "pk": 192, "fields": {"employee": 8, "check_in": "2025-12-17T08:08:00Z", "check_out": "2025-12-17T17:06:00Z", "status": "late", "notes": "Asistencia del 17/12/2025", "check_in_location": "", "check_out_location": "", "created_at": "2026-01-03T22:15:47.041Z"}}, {"model": "attendance.attendance", "pk": 193, "fields": {"employee": 9, "check_in": "2025-12-17T08:24:00Z", "check_out": "2025-12-17T16:01:00Z", "status": "late", "notes": "Asistencia del 17/12/2025", "check_in_location": "", "check_out_location": "", "created_at": "2026-01-03T22:15:47.045Z"}}, {"model": "attendance.attendance", "pk": 194, "fields": {"employee": 10, "check_in": "2025-12-17T08:23:00Z", "check_out": "2025-12-17T16:09:00Z", "status": "late", "notes": "Asistencia del 17/12/2025", "check_in_location": "", "check_out_location": "", "created_at": "2026-01-03T22:15:47.049Z"}}, {"model": "attendance.attendance", "pk": 195, "fields": {"employee": 11, "check_in": "2025-12-17T08:29:00Z", "check_out": "2025-12-17T17:05:00Z", "status": "late", "notes": "Asistencia del 17/12/2025", "check_in_location": "", "check_out_location": "", "created_at": "2026-01-03T22:15:47.053Z"}}, {"model": "attendance.attendance", "pk": 196, "fields": {"employee": 12, "check_in": "2025-12-17T07:50:00Z", "check_out": "2025-12-17T17:59:00Z", "status": "present", "notes": "Asistencia del 17/12/2025", "check_in_location": "", "check_out_location": "", "created_at": "2026-01-03T22:15:47.058Z"}}, {"model": "attendance.attendance", "pk": 197, "fields": {"employee": 13, "check_in": "2025-12-17T07:12:00Z", "check_out": "2025-12-17T16:21:00Z", "status": "present", "notes": "Asistencia del 17/12/2025", "check_in_location": "", "check_out_location": "", "created_at": "2026-01-03T22:15:47.062Z"}}, {"model": "attendance.attendance", "pk": 198, "fields": {"employee": 14, "check_in": "2025-12-17T08:12:00Z", "check_out": "2025-12-17T17:50:00Z", "status": "late", "notes": "Asistencia del 17/12/2025", "check_in_location": "", "check_out_location": "", "created_at": "2026-01-03T22:15:47.067Z"}}, {"model": "attendance.attendance", "pk": 199, "fields": {"employee": 3, "check_in": "2025-12-16T07:16:00Z", "check_out": "2025-12-16T16:22:00Z", "status": "present", "notes": "Asistencia del 16/12/2025", "check_in_location": "", "check_out_location": "", "created_at": "2026-01-03T22:15:47.071Z"}}, {"model": "attendance.attendance", "pk": 200, "fields": {"employee": 6, "check_in": "2025-12-16T07:15:00Z", "check_out": "2025-12-16T16:39:00Z", "status": "present", "notes": "Asistencia del 16/12/2025", "check_in_location": "", "check_out_location": "", "created_at": "2026-01-03T22:15:47.075Z"}}, {"model": "attendance.attendance", "pk": 201, "fields": {"employee": 7, "check_in": "2025-12-16T08:02:00Z", "check_out": "2025-12-16T16:59:00Z", "status": "late", "notes": "Asistencia del 16/12/2025", "check_in_location": "", "check_out_location": "", "created_at": "2026-01-03T22:15:47.080Z"}}, {"model": "attendance.attendance", "pk": 202, "fields": {"employee": 8, "check_in": "2025-12-16T07:22:00Z", "check_out": "2025-12-16T17:31:00Z", "status": "present", "notes": "Asistencia del 16/12/2025", "check_in_location": "", "check_out_location": "", "created_at": "2026-01-03T22:15:47.084Z"}}, {"model": "attendance.attendance", "pk": 203, "fields": {"employee": 9, "check_in": "2025-12-16T07:17:00Z", "check_out": "2025-12-16T17:22:00Z", "status": "present", "notes": "Asistencia del 16/12/2025", "check_in_location": "", "check_out_location": "", "created_at": "2026-01-03T22:15:47.088Z"}}, {"model": "attendance.attendance", "pk": 204, "fields": {"employee": 10, "check_in": "2025-12-16T08:00:00Z", "check_out": "2025-12-16T17:07:00Z", "status": "late", "notes": "Asistencia del 16/12/2025", "check_in_location": "", "check_out_location": "", "created_at": "2026-01-03T22:15:47.092Z"}}, {"model": "attendance.attendance", "pk": 205, "fields": {"employee": 11, "check_in": "2025-12-16T08:22:00Z", "check_out": "2025-12-16T17:30:00Z", "status": "late", "notes": "Asistencia del 16/12/2025", "check_in_location": "", "check_out_location": "", "created_at": "2026-01-03T22:15:47.097Z"}}, {"model": "attendance.attendance", "pk": 206, "fields": {"employee": 12, "check_in": "2025-12-16T08:11:00Z", "check_out": "2025-12-16T16:12:00Z", "status": "late", "notes": "Asistencia del 16/12/2025", "check_in_location": "", "check_out_location": "", "created_at": "2026-01-03T22:15:47.101Z"}}, {"model": "attendance.attendance", "pk": 207, "fields": {"employee": 13, "check_in": "2025-12-16T08:30:00Z", "check_out": "2025-12-16T17:33:00Z", "status": "late", "notes": "Asistencia del 16/12/2025", "check_in_location": "", "check_out_location": "", "created_at": "2026-01-03T22:15:47.105Z"}}, {"model": "attendance.attendance", "pk": 208, "fields": {"employee": 14, "check_in": "2025-12-16T08:22:00Z", "check_out": "2025-12-16T17:36:00Z", "status": "late", "notes": "Asistencia del 16/12/2025", "check_in_location": "", "check_out_location": "", "created_at": "2026-01-03T22:15:47.109Z"}}, {"model": "attendance.attendance", "pk": 209, "fields": {"employee": 3, "check_in": "2025-12-15T07:32:00Z", "check_out": "2025-12-15T16:52:00Z", "status": "present", "notes": "Asistencia del 15/12/2025", "check_in_location": "", "check_out_location": "", "created_at": "2026-01-03T22:15:47.114Z"}}, {"model": "attendance.attendance", "pk": 210, "fields": {"employee": 4, "check_in": "2025-12-15T07:15:00Z", "check_out": "2025-12-15T17:05:00Z", "status": "present", "notes": "Asistencia del 15/12/2025", "check_in_location": "", "check_out_location": "", "created_at": "2026-01-03T22:15:47.118Z"}}, {"model": "attendance.attendance", "pk": 211, "fields": {"employee": 5, "check_in": "2025-12-15T08:09:00Z", "check_out": "2025-12-15T16:47:00Z", "status": "late", "notes": "Asistencia del 15/12/2025", "check_in_location": "", "check_out_location": "", "created_at": "2026-01-03T22:15:47.122Z"}}, {"model": "attendance.attendance", "pk": 212, "fields": {"employee": 6, "check_in": "2025-12-15T07:54:00Z", "check_out": "2025-12-15T16:01:00Z", "status": "present", "notes": "Asistencia del 15/12/2025", "check_in_location": "", "check_out_location": "", "created_at": "2026-01-03T22:15:47.126Z"}}, {"model": "attendance.attendance", "pk": 213, "fields": {"employee": 7, "check_in": "2025-12-15T08:13:00Z", "check_out": "2025-12-15T17:01:00Z", "status": "late", "notes": "Asistencia del 15/12/2025", "check_in_location": "", "check_out_location": "", "created_at": "2026-01-03T22:15:47.131Z"}}, {"model": "attendance.attendance", "pk": 214, "fields": {"employee": 8, "check_in": "2025-12-15T08:20:00Z", "check_out": "2025-12-15T16:27:00Z", "status": "late", "notes": "Asistencia del 15/12/2025", "check_in_location": "", "check_out_location": "", "created_at": "2026-01-03T22:15:47.135Z"}}, {"model": "attendance.attendance", "pk": 215, "fields": {"employee": 9, "check_in": "2025-12-15T07:28:00Z", "check_out": "2025-12-15T17:17:00Z", "status": "present", "notes": "Asistencia del 15/12/2025", "check_in_location": "", "check_out_location": "", "created_at": "2026-01-03T22:15:47.139Z"}}, {"model": "attendance.attendance", "pk": 216, "fields": {"employee": 10, "check_in": "2025-12-15T08:22:00Z", "check_out": "2025-12-15T16:35:00Z", "status": "late", "notes": "Asistencia del 15/12/2025", "check_in_location": "", "check_out_location": "", "created_at": "2026-01-03T22:15:47.145Z"}}, {"model": "attendance.attendance", "pk": 217, "fields": {"employee": 11, "check_in": "2025-12-15T07:00:00Z", "check_out": "2025-12-15T17:32:00Z", "status": "present", "notes": "Asistencia del 15/12/2025", "check_in_location": "", "check_out_location": "", "created_at": "2026-01-03T22:15:47.150Z"}}, {"model": "attendance.attendance", "pk": 218, "fields": {"employee": 13, "check_in": "2025-12-15T07:33:00Z", "check_out": "2025-12-15T17:19:00Z", "status": "present", "notes": "Asistencia del 15/12/2025", "check_in_location": "", "check_out_location": "", "created_at": "2026-01-03T22:15:47.154Z"}}, {"model": "attendance.attendance", "pk": 219, "fields": {"employee": 3, "check_in": "2025-12-14T08:12:00Z", "check_out": "2025-12-14T16:50:00Z", "status": "late", "notes": "Asistencia del 14/12/2025", "check_in_location": "", "check_out_location": "", "created_at": "2026-01-03T22:15:47.158Z"}}, {"model": "attendance.attendance", "pk": 220, "fields": {"employee": 4, "check_in": "2025-12-14T07:35:00Z", "check_out": "2025-12-14T16:38:00Z", "status": "present", "notes": "Asistencia del 14/12/2025", "check_in_location": "", "check_out_location": "", "created_at": "2026-01-03T22:15:47.162Z"}}, {"model": "attendance.attendance", "pk": 221, "fields": {"employee": 5, "check_in": "2025-12-14T08:16:00Z", "check_out": "2025-12-14T17:09:00Z", "status": "late", "notes": "Asistencia del 14/12/2025", "check_in_location": "", "check_out_location": "", "created_at": "2026-01-03T22:15:47.166Z"}}, {"model": "attendance.attendance", "pk": 222, "fields": {"employee": 6, "check_in": "2025-12-14T08:18:00Z", "check_out": "2025-12-14T17:18:00Z", "status": "late", "notes": "Asistencia del 14/12/2025", "check_in_location": "", "check_out_location": "", "created_at": "2026-01-03T22:15:47.170Z"}}, {"model": "attendance.attendance", "pk": 223, "fields": {"employee": 7, "check_in": "2025-12-14T08:11:00Z", "check_out": "2025-12-14T17:05:00Z", "status": "late", "notes": "Asistencia del 14/12/2025", "check_in_location": "", "check_out_location": "", "created_at": "2026-01-03T22:15:47.174Z"}}, {"model": "attendance.attendance", "pk": 224, "fields": {"employee": 8, "check_in": "2025-12-14T08:01:00Z", "check_out": "2025-12-14T16:00:00Z", "status": "late", "notes": "Asistencia del 14/12/2025", "check_in_location": "", "check_out_location": "", "created_at": "2026-01-03T22:15:47.178Z"}}, {"model": "attendance.attendance", "pk": 225, "fields": {"employee": 9, "check_in": "2025-12-14T08:25:00Z", "check_out": "2025-12-14T17:25:00Z", "status": "late", "notes": "Asistencia del 14/12/2025", "check_in_location": "", "check_out_location": "", "created_at": "2026-01-03T22:15:47.183Z"}}, {"model": "attendance.attendance", "pk": 226, "fields": {"employee": 10, "check_in": "2025-12-14T07:09:00Z", "check_out": "2025-12-14T17:12:00Z", "status": "present", "notes": "Asistencia del 14/12/2025", "check_in_location": "", "check_out_location": "", "created_at": "2026-01-03T22:15:47.187Z"}}, {"model": "attendance.attendance", "pk": 227, "fields": {"employee": 11, "check_in": "2025-12-14T07:49:00Z", "check_out": "2025-12-14T17:15:00Z", "status": "present", "notes": "Asistencia del 14/12/2025", "check_in_location": "", "check_out_location": "", "created_at": "2026-01-03T22:15:47.192Z"}}, {"model": "attendance.attendance", "pk": 228, "fields": {"employee": 12, "check_in": "2025-12-14T07:59:00Z", "check_out": "2025-12-14T17:28:00Z", "status": "present", "notes": "Asistencia del 14/12/2025", "check_in_location": "", "check_out_location": "", "created_at": "2026-01-03T22:15:47.196Z"}}, {"model": "attendance.attendance", "pk": 229, "fields": {"employee": 3, "check_in": "2025-12-13T08:13:00Z", "check_out": "2025-12-13T16:46:00Z", "status": "late", "notes": "Asistencia del 13/12/2025", "check_in_location": "", "check_out_location": "", "created_at": "2026-01-03T22:15:47.200Z"}}, {"model": "attendance.attendance", "pk": 230, "fields": {"employee": 4, "check_in": "2025-12-13T08:23:00Z", "check_out": "2025-12-13T17:48:00Z", "status": "late", "notes": "Asistencia del 13/12/2025", "check_in_location": "", "check_out_location": "", "created_at": "2026-01-03T22:15:47.204Z"}}, {"model": "attendance.attendance", "pk": 231, "fields": {"employee": 6, "check_in": "2025-12-13T08:28:00Z", "check_out": "2025-12-13T17:16:00Z", "status": "late", "notes": "Asistencia del 13/12/2025", "check_in_location": "", "check_out_location": "", "created_at": "2026-01-03T22:15:47.208Z"}}, {"model": "attendance.attendance", "pk": 232, "fields": {"employee": 7, "check_in": "2025-12-13T07:14:00Z", "check_out": "2025-12-13T17:01:00Z", "status": "present", "notes": "Asistencia del 13/12/2025", "check_in_location": "", "check_out_location": "", "created_at": "2026-01-03T22:15:47.212Z"}}, {"model": "attendance.attendance", "pk": 233, "fields": {"employee": 8, "check_in": "2025-12-13T07:09:00Z", "check_out": "2025-12-13T17:47:00Z", "status": "present", "notes": "Asistencia del 13/12/2025", "check_in_location": "", "check_out_location": "", "created_at": "2026-01-03T22:15:47.216Z"}}, {"model": "attendance.attendance", "pk": 234, "fields": {"employee": 9, "check_in": "2025-12-13T07:37:00Z", "check_out": "2025-12-13T17:57:00Z", "status": "present", "notes": "Asistencia del 13/12/2025", "check_in_location": "", "check_out_location": "", "created_at": "2026-01-03T22:15:47.220Z"}}, {"model": "attendance.attendance", "pk": 235, "fields": {"employee": 10, "check_in": "2025-12-13T08:00:00Z", "check_out": "2025-12-13T17:07:00Z", "status": "late", "notes": "Asistencia del 13/12/2025", "check_in_location": "", "check_out_location": "", "created_at": "2026-01-03T22:15:47.225Z"}}, {"model": "attendance.attendance", "pk": 236, "fields": {"employee": 12, "check_in": "2025-12-13T07:38:00Z", "check_out": "2025-12-13T16:21:00Z", "status": "present", "notes": "Asistencia del 13/12/2025", "check_in_location": "", "check_out_location": "", "created_at": "2026-01-03T22:15:47.229Z"}}, {"model": "attendance.attendance", "pk": 237, "fields": {"employee": 14, "check_in": "2025-12-13T08:01:00Z", "check_out": "2025-12-13T16:42:00Z", "status": "late", "notes": "Asistencia del 13/12/2025", "check_in_location": "", "check_out_location": "", "created_at": "2026-01-03T22:15:47.234Z"}}, {"model": "attendance.attendance", "pk": 238, "fields": {"employee": 3, "check_in": "2025-12-12T07:53:00Z", "check_out": "2025-12-12T16:04:00Z", "status": "present", "notes": "Asistencia del 12/12/2025", "check_in_location": "", "check_out_location": "", "created_at": "2026-01-03T22:15:47.239Z"}}, {"model": "attendance.attendance", "pk": 239, "fields": {"employee": 5, "check_in": "2025-12-12T08:10:00Z", "check_out": "2025-12-12T16:18:00Z", "status": "late", "notes": "Asistencia del 12/12/2025", "check_in_location": "", "check_out_location": "", "created_at": "2026-01-03T22:15:47.243Z"}}, {"model": "attendance.attendance", "pk": 240, "fields": {"employee": 6, "check_in": "2025-12-12T07:51:00Z", "check_out": "2025-12-12T17:58:00Z", "status": "present", "notes": "Asistencia del 12/12/2025", "check_in_location": "", "check_out_location": "", "created_at": "2026-01-03T22:15:47.248Z"}}, {"model": "attendance.attendance", "pk": 241, "fields": {"employee": 7, "check_in": "2025-12-12T07:52:00Z", "check_out": "2025-12-12T17:55:00Z", "status": "present", "notes": "Asistencia del 12/12/2025", "check_in_location": "", "check_out_location": "", "created_at": "2026-01-03T22:15:47.253Z"}}, {"model": "attendance.attendance", "pk": 242, "fields": {"employee": 8, "check_in": "2025-12-12T07:45:00Z", "check_out": "2025-12-12T16:54:00Z", "status": "present", "notes": "Asistencia del 12/12/2025", "check_in_location": "", "check_out_location": "", "created_at": "2026-01-03T22:15:47.258Z"}}, {"model": "attendance.attendance", "pk": 243, "fields": {"employee": 9, "check_in": "2025-12-12T08:22:00Z", "check_out": "2025-12-12T17:01:00Z", "status": "late", "notes": "Asistencia del 12/12/2025", "check_in_location": "", "check_out_location": "", "created_at": "2026-01-03T22:15:47.262Z"}}, {"model": "attendance.attendance", "pk": 244, "fields": {"employee": 10, "check_in": "2025-12-12T08:10:00Z", "check_out": "2025-12-12T17:21:00Z", "status": "late", "notes": "Asistencia del 12/12/2025", "check_in_location": "", "check_out_location": "", "created_at": "2026-01-03T22:15:47.267Z"}}, {"model": "attendance.attendance", "pk": 245, "fields": {"employee": 11, "check_in": "2025-12-12T08:13:00Z", "check_out": "2025-12-12T17:17:00Z", "status": "late", "notes": "Asistencia del 12/12/2025", "check_in_location": "", "check_out_location": "", "created_at": "2026-01-03T22:15:47.271Z"}}, {"model": "attendance.attendance", "pk": 246, "fields": {"employee": 12, "check_in": "2025-12-12T08:05:00Z", "check_out": "2025-12-12T17:12:00Z", "status": "late", "notes": "Asistencia del 12/12/2025", "check_in_location": "", "check_out_location": "", "created_at": "2026-01-03T22:15:47.276Z"}}, {"model": "attendance.attendance", "pk": 247, "fields": {"employee": 13, "check_in": "2025-12-12T07:16:00Z", "check_out": "2025-12-12T17:25:00Z", "status": "present", "notes": "Asistencia del 12/12/2025", "check_in_location": "", "check_out_location": "", "created_at": "2026-01-03T22:15:47.280Z"}}, {"model": "attendance.attendance", "pk": 248, "fields": {"employee": 14, "check_in": "2025-12-12T07:40:00Z", "check_out": "2025-12-12T16:03:00Z", "status": "present", "notes": "Asistencia del 12/12/2025", "check_in_location": "", "check_out_location": "", "created_at": "2026-01-03T22:15:47.285Z"}}, {"model": "attendance.attendance", "pk": 249, "fields": {"employee": 3, "check_in": "2025-12-11T08:14:00Z", "check_out": "2025-12-11T16:49:00Z", "status": "late", "notes": "Asistencia del 11/12/2025", "check_in_location": "", "check_out_location": "", "created_at": "2026-01-03T22:15:47.289Z"}}, {"model": "attendance.attendance", "pk": 250, "fields": {"employee": 4, "check_in": "2025-12-11T08:13:00Z", "check_out": "2025-12-11T16:11:00Z", "status": "late", "notes": "Asistencia del 11/12/2025", "check_in_location": "", "check_out_location": "", "created_at": "2026-01-03T22:15:47.294Z"}}, {"model": "attendance.attendance", "pk": 251, "fields": {"employee": 5, "check_in": "2025-12-11T07:13:00Z", "check_out": "2025-12-11T17:18:00Z", "status": "present", "notes": "Asistencia del 11/12/2025", "check_in_location": "", "check_out_location": "", "created_at": "2026-01-03T22:15:47.299Z"}}, {"model": "attendance.attendance", "pk": 252, "fields": {"employee": 6, "check_in": "2025-12-11T07:48:00Z", "check_out": "2025-12-11T17:15:00Z", "status": "present", "notes": "Asistencia del 11/12/2025", "check_in_location": "", "check_out_location": "", "created_at": "2026-01-03T22:15:47.303Z"}}, {"model": "attendance.attendance", "pk": 253, "fields": {"employee": 7, "check_in": "2025-12-11T08:16:00Z", "check_out": "2025-12-11T16:52:00Z", "status": "late", "notes": "Asistencia del 11/12/2025", "check_in_location": "", "check_out_location": "", "created_at": "2026-01-03T22:15:47.308Z"}}, {"model": "attendance.attendance", "pk": 254, "fields": {"employee": 8, "check_in": "2025-12-11T08:02:00Z", "check_out": "2025-12-11T17:19:00Z", "status": "late", "notes": "Asistencia del 11/12/2025", "check_in_location": "", "check_out_location": "", "created_at": "2026-01-03T22:15:47.313Z"}}, {"model": "attendance.attendance", "pk": 255, "fields": {"employee": 9, "check_in": "2025-12-11T08:24:00Z", "check_out": "2025-12-11T17:03:00Z", "status": "late", "notes": "Asistencia del 11/12/2025", "check_in_location": "", "check_out_location": "", "created_at": "2026-01-03T22:15:47.317Z"}}, {"model": "attendance.attendance", "pk": 256, "fields": {"employee": 10, "check_in": "2025-12-11T08:27:00Z", "check_out": "2025-12-11T17:06:00Z", "status": "late", "notes": "Asistencia del 11/12/2025", "check_in_location": "", "check_out_location": "", "created_at": "2026-01-03T22:15:47.322Z"}}, {"model": "attendance.attendance", "pk": 257, "fields": {"employee": 11, "check_in": "2025-12-11T07:59:00Z", "check_out": "2025-12-11T16:05:00Z", "status": "present", "notes": "Asistencia del 11/12/2025", "check_in_location": "", "check_out_location": "", "created_at": "2026-01-03T22:15:47.327Z"}}, {"model": "attendance.attendance", "pk": 258, "fields": {"employee": 12, "check_in": "2025-12-11T07:39:00Z", "check_out": "2025-12-11T17:14:00Z", "status": "present", "notes": "Asistencia del 11/12/2025", "check_in_location": "", "check_out_location": "", "created_at": "2026-01-03T22:15:47.332Z"}}, {"model": "attendance.attendance", "pk": 259, "fields": {"employee": 13, "check_in": "2025-12-11T07:40:00Z", "check_out": "2025-12-11T17:58:00Z", "status": "present", "notes": "Asistencia del 11/12/2025", "check_in_location": "", "check_out_location": "", "created_at": "2026-01-03T22:15:47.336Z"}}, {"model": "attendance.attendance", "pk": 260, "fields": {"employee": 14, "check_in": "2025-12-11T07:04:00Z", "check_out": "2025-12-11T17:25:00Z", "status": "present", "notes": "Asistencia del 11/12/2025", "check_in_location": "", "check_out_location": "", "created_at": "2026-01-03T22:15:47.340Z"}}, {"model": "attendance.attendance", "pk": 261, "fields": {"employee": 3, "check_in": "2025-12-10T08:12:00Z", "check_out": "2025-12-10T16:41:00Z", "status": "late", "notes": "Asistencia del 10/12/2025", "check_in_location": "", "check_out_location": "", "created_at": "2026-01-03T22:15:47.346Z"}}, {"model": "attendance.attendance", "pk": 262, "fields": {"employee": 4, "check_in": "2025-12-10T08:04:00Z", "check_out": "2025-12-10T17:16:00Z", "status": "late", "notes": "Asistencia del 10/12/2025", "check_in_location": "", "check_out_location": "", "created_at": "2026-01-03T22:15:47.351Z"}}, {"model": "attendance.attendance", "pk": 263, "fields": {"employee": 5, "check_in": "2025-12-10T07:26:00Z", "check_out": "2025-12-10T16:17:00Z", "status": "present", "notes": "Asistencia del 10/12/2025", "check_in_location": "", "check_out_location": "", "created_at": "2026-01-03T22:15:47.356Z"}}, {"model": "attendance.attendance", "pk": 264, "fields": {"employee": 6, "check_in": "2025-12-10T07:51:00Z", "check_out": "2025-12-10T17:39:00Z", "status": "present", "notes": "Asistencia del 10/12/2025", "check_in_location": "", "check_out_location": "", "created_at": "2026-01-03T22:15:47.360Z"}}, {"model": "attendance.attendance", "pk": 265, "fields": {"employee": 8, "check_in": "2025-12-10T08:10:00Z", "check_out": "2025-12-10T16:59:00Z", "status": "late", "notes": "Asistencia del 10/12/2025", "check_in_location": "", "check_out_location": "", "created_at": "2026-01-03T22:15:47.365Z"}}, {"model": "attendance.attendance", "pk": 266, "fields": {"employee": 9, "check_in": "2025-12-10T08:10:00Z", "check_out": "2025-12-10T16:44:00Z", "status": "late", "notes": "Asistencia del 10/12/2025", "check_in_location": "", "check_out_location": "", "created_at": "2026-01-03T22:15:47.370Z"}}, {"model": "attendance.attendance", "pk": 267, "fields": {"employee": 10, "check_in": "2025-12-10T07:31:00Z", "check_out": "2025-12-10T17:38:00Z", "status": "present", "notes": "Asistencia del 10/12/2025", "check_in_location": "", "check_out_location": "", "created_at": "2026-01-03T22:15:47.374Z"}}, {"model": "attendance.attendance", "pk": 268, "fields": {"employee": 11, "check_in": "2025-12-10T08:10:00Z", "check_out": "2025-12-10T16:55:00Z", "status": "late", "notes": "Asistencia del 10/12/2025", "check_in_location": "", "check_out_location": "", "created_at": "2026-01-03T22:15:47.379Z"}}, {"model": "attendance.attendance", "pk": 269, "fields": {"employee": 12, "check_in": "2025-12-10T07:06:00Z", "check_out": "2025-12-10T17:44:00Z", "status": "present", "notes": "Asistencia del 10/12/2025", "check_in_location": "", "check_out_location": "", "created_at": "2026-01-03T22:15:47.384Z"}}, {"model": "attendance.attendance", "pk": 270, "fields": {"employee": 14, "check_in": "2025-12-10T07:54:00Z", "check_out": "2025-12-10T17:33:00Z", "status": "present", "notes": "Asistencia del 10/12/2025", "check_in_location": "", "check_out_location": "", "created_at": "2026-01-03T22:15:47.388Z"}}, {"model": "attendance.attendance", "pk": 271, "fields": {"employee": 3, "check_in": "2025-12-09T08:22:00Z", "check_out": "2025-12-09T16:59:00Z", "status": "late", "notes": "Asistencia del 09/12/2025", "check_in_location": "", "check_out_location": "", "created_at": "2026-01-03T22:15:47.393Z"}}, {"model": "attendance.attendance", "pk": 272, "fields": {"employee": 4, "check_in": "2025-12-09T08:21:00Z", "check_out": "2025-12-09T17:23:00Z", "status": "late", "notes": "Asistencia del 09/12/2025", "check_in_location": "", "check_out_location": "", "created_at": "2026-01-03T22:15:47.397Z"}}, {"model": "attendance.attendance", "pk": 273, "fields": {"employee": 5, "check_in": "2025-12-09T08:23:00Z", "check_out": "2025-12-09T17:48:00Z", "status": "late", "notes": "Asistencia del 09/12/2025", "check_in_location": "", "check_out_location": "", "created_at": "2026-01-03T22:15:47.402Z"}}, {"model": "attendance.attendance", "pk": 274, "fields": {"employee": 6, "check_in": "2025-12-09T08:08:00Z", "check_out": "2025-12-09T16:32:00Z", "status": "late", "notes": "Asistencia del 09/12/2025", "check_in_location": "", "check_out_location": "", "created_at": "2026-01-03T22:15:47.407Z"}}, {"model": "attendance.attendance", "pk": 275, "fields": {"employee": 7, "check_in": "2025-12-09T07:56:00Z", "check_out": "2025-12-09T16:38:00Z", "status": "present", "notes": "Asistencia del 09/12/2025", "check_in_location": "", "check_out_location": "", "created_at": "2026-01-03T22:15:47.411Z"}}, {"model": "attendance.attendance", "pk": 276, "fields": {"employee": 8, "check_in": "2025-12-09T08:02:00Z", "check_out": "2025-12-09T16:17:00Z", "status": "late", "notes": "Asistencia del 09/12/2025", "check_in_location": "", "check_out_location": "", "created_at": "2026-01-03T22:15:47.416Z"}}, {"model": "attendance.attendance", "pk": 277, "fields": {"employee": 9, "check_in": "2025-12-09T08:05:00Z", "check_out": "2025-12-09T16:51:00Z", "status": "late", "notes": "Asistencia del 09/12/2025", "check_in_location": "", "check_out_location": "", "created_at": "2026-01-03T22:15:47.420Z"}}, {"model": "attendance.attendance", "pk": 278, "fields": {"employee": 10, "check_in": "2025-12-09T07:24:00Z", "check_out": "2025-12-09T17:20:00Z", "status": "present", "notes": "Asistencia del 09/12/2025", "check_in_location": "", "check_out_location": "", "created_at": "2026-01-03T22:15:47.424Z"}}, {"model": "attendance.attendance", "pk": 279, "fields": {"employee": 11, "check_in": "2025-12-09T08:25:00Z", "check_out": "2025-12-09T17:29:00Z", "status": "late", "notes": "Asistencia del 09/12/2025", "check_in_location": "", "check_out_location": "", "created_at": "2026-01-03T22:15:47.428Z"}}, {"model": "attendance.attendance", "pk": 280, "fields": {"employee": 13, "check_in": "2025-12-09T08:03:00Z", "check_out": "2025-12-09T16:55:00Z", "status": "late", "notes": "Asistencia del 09/12/2025", "check_in_location": "", "check_out_location": "", "created_at": "2026-01-03T22:15:47.432Z"}}, {"model": "attendance.attendance", "pk": 281, "fields": {"employee": 14, "check_in": "2025-12-09T07:54:00Z", "check_out": "2025-12-09T16:54:00Z", "status": "present", "notes": "Asistencia del 09/12/2025", "check_in_location": "", "check_out_location": "", "created_at": "2026-01-03T22:15:47.436Z"}}, {"model": "attendance.attendance", "pk": 282, "fields": {"employee": 3, "check_in": "2025-12-08T08:14:00Z", "check_out": "2025-12-08T16:05:00Z", "status": "late", "notes": "Asistencia del 08/12/2025", "check_in_location": "", "check_out_location": "", "created_at": "2026-01-03T22:15:47.440Z"}}, {"model": "attendance.attendance", "pk": 283, "fields": {"employee": 4, "check_in": "2025-12-08T08:04:00Z", "check_out": "2025-12-08T17:44:00Z", "status": "late", "notes": "Asistencia del 08/12/2025", "check_in_location": "", "check_out_location": "", "created_at": "2026-01-03T22:15:47.445Z"}}, {"model": "attendance.attendance", "pk": 284, "fields": {"employee": 6, "check_in": "2025-12-08T08:05:00Z", "check_out": "2025-12-08T17:19:00Z", "status": "late", "notes": "Asistencia del 08/12/2025", "check_in_location": "", "check_out_location": "", "created_at": "2026-01-03T22:15:47.451Z"}}, {"model": "attendance.attendance", "pk": 285, "fields": {"employee": 7, "check_in": "2025-12-08T07:33:00Z", "check_out": "2025-12-08T17:19:00Z", "status": "present", "notes": "Asistencia del 08/12/2025", "check_in_location": "", "check_out_location": "", "created_at": "2026-01-03T22:15:47.455Z"}}, {"model": "attendance.attendance", "pk": 286, "fields": {"employee": 8, "check_in": "2025-12-08T07:45:00Z", "check_out": "2025-12-08T16:02:00Z", "status": "present", "notes": "Asistencia del 08/12/2025", "check_in_location": "", "check_out_location": "", "created_at": "2026-01-03T22:15:47.459Z"}}, {"model": "attendance.attendance", "pk": 287, "fields": {"employee": 9, "check_in": "2025-12-08T08:10:00Z", "check_out": "2025-12-08T17:03:00Z", "status": "late", "notes": "Asistencia del 08/12/2025", "check_in_location": "", "check_out_location": "", "created_at": "2026-01-03T22:15:47.464Z"}}, {"model": "attendance.attendance", "pk": 288, "fields": {"employee": 10, "check_in": "2025-12-08T07:17:00Z", "check_out": "2025-12-08T16:07:00Z", "status": "present", "notes": "Asistencia del 08/12/2025", "check_in_location": "", "check_out_location": "", "created_at": "2026-01-03T22:15:47.469Z"}}, {"model": "attendance.attendance", "pk": 289, "fields": {"employee": 11, "check_in": "2025-12-08T08:22:00Z", "check_out": "2025-12-08T17:06:00Z", "status": "late", "notes": "Asistencia del 08/12/2025", "check_in_location": "", "check_out_location": "", "created_at": "2026-01-03T22:15:47.474Z"}}, {"model": "attendance.attendance", "pk": 290, "fields": {"employee": 12, "check_in": "2025-12-08T07:41:00Z", "check_out": "2025-12-08T16:57:00Z", "status": "present", "notes": "Asistencia del 08/12/2025", "check_in_location": "", "check_out_location": "", "created_at": "2026-01-03T22:15:47.478Z"}}, {"model": "attendance.attendance", "pk": 291, "fields": {"employee": 13, "check_in": "2025-12-08T08:12:00Z", "check_out": "2025-12-08T17:31:00Z", "status": "late", "notes": "Asistencia del 08/12/2025", "check_in_location": "", "check_out_location": "", "created_at": "2026-01-03T22:15:47.483Z"}}, {"model": "attendance.attendance", "pk": 292, "fields": {"employee": 14, "check_in": "2025-12-08T08:12:00Z", "check_out": "2025-12-08T17:22:00Z", "status": "late", "notes": "Asistencia del 08/12/2025", "check_in_location": "", "check_out_location": "", "created_at": "2026-01-03T22:15:47.487Z"}}, {"model": "attendance.attendance", "pk": 293, "fields": {"employee": 3, "check_in": "2025-12-07T07:49:00Z", "check_out": "2025-12-07T16:10:00Z", "status": "present", "notes": "Asistencia del 07/12/2025", "check_in_location": "", "check_out_location": "", "created_at": "2026-01-03T22:15:47.491Z"}}, {"model": "attendance.attendance", "pk": 294, "fields": {"employee": 4, "check_in": "2025-12-07T08:25:00Z", "check_out": "2025-12-07T16:43:00Z", "status": "late", "notes": "Asistencia del 07/12/2025", "check_in_location": "", "check_out_location": "", "created_at": "2026-01-03T22:15:47.495Z"}}, {"model": "attendance.attendance", "pk": 295, "fields": {"employee": 5, "check_in": "2025-12-07T07:57:00Z", "check_out": "2025-12-07T16:51:00Z", "status": "present", "notes": "Asistencia del 07/12/2025", "check_in_location": "", "check_out_location": "", "created_at": "2026-01-03T22:15:47.499Z"}}, {"model": "attendance.attendance", "pk": 296, "fields": {"employee": 7, "check_in": "2025-12-07T08:09:00Z", "check_out": "2025-12-07T17:12:00Z", "status": "late", "notes": "Asistencia del 07/12/2025", "check_in_location": "", "check_out_location": "", "created_at": "2026-01-03T22:15:47.503Z"}}, {"model": "attendance.attendance", "pk": 297, "fields": {"employee": 8, "check_in": "2025-12-07T08:25:00Z", "check_out": "2025-12-07T16:49:00Z", "status": "late", "notes": "Asistencia del 07/12/2025", "check_in_location": "", "check_out_location": "", "created_at": "2026-01-03T22:15:47.507Z"}}, {"model": "attendance.attendance", "pk": 298, "fields": {"employee": 9, "check_in": "2025-12-07T07:30:00Z", "check_out": "2025-12-07T16:33:00Z", "status": "present", "notes": "Asistencia del 07/12/2025", "check_in_location": "", "check_out_location": "", "created_at": "2026-01-03T22:15:47.512Z"}}, {"model": "attendance.attendance", "pk": 299, "fields": {"employee": 10, "check_in": "2025-12-07T08:04:00Z", "check_out": "2025-12-07T16:29:00Z", "status": "late", "notes": "Asistencia del 07/12/2025", "check_in_location": "", "check_out_location": "", "created_at": "2026-01-03T22:15:47.516Z"}}, {"model": "attendance.attendance", "pk": 300, "fields": {"employee": 11, "check_in": "2025-12-07T07:24:00Z", "check_out": "2025-12-07T17:24:00Z", "status": "present", "notes": "Asistencia del 07/12/2025", "check_in_location": "", "check_out_location": "", "created_at": "2026-01-03T22:15:47.520Z"}}, {"model": "attendance.attendance", "pk": 301, "fields": {"employee": 12, "check_in": "2025-12-07T07:22:00Z", "check_out": "2025-12-07T17:08:00Z", "status": "present", "notes": "Asistencia del 07/12/2025", "check_in_location": "", "check_out_location": "", "created_at": "2026-01-03T22:15:47.525Z"}}, {"model": "attendance.attendance", "pk": 302, "fields": {"employee": 13, "check_in": "2025-12-07T07:35:00Z", "check_out": "2025-12-07T16:29:00Z", "status": "present", "notes": "Asistencia del 07/12/2025", "check_in_location": "", "check_out_location": "", "created_at": "2026-01-03T22:15:47.529Z"}}, {"model": "attendance.attendance", "pk": 303, "fields": {"employee": 14, "check_in": "2025-12-07T08:14:00Z", "check_out": "2025-12-07T17:08:00Z", "status": "late", "notes": "Asistencia del 07/12/2025", "check_in_location": "", "check_out_location": "", "created_at": "2026-01-03T22:15:47.533Z"}}, {"model": "attendance.attendance", "pk": 304, "fields": {"employee": 3, "check_in": "2025-12-06T08:20:00Z", "check_out": "2025-12-06T16:58:00Z", "status": "late", "notes": "Asistencia del 06/12/2025", "check_in_location": "", "check_out_location": "", "created_at": "2026-01-03T22:15:47.537Z"}}, {"model": "attendance.attendance", "pk": 305, "fields": {"employee": 4, "check_in": "2025-12-06T07:35:00Z", "check_out": "2025-12-06T16:46:00Z", "status": "present", "notes": "Asistencia del 06/12/2025", "check_in_location": "", "check_out_location": "", "created_at": "2026-01-03T22:15:47.542Z"}}, {"model": "attendance.attendance", "pk": 306, "fields": {"employee": 5, "check_in": "2025-12-06T07:16:00Z", "check_out": "2025-12-06T16:59:00Z", "status": "present", "notes": "Asistencia del 06/12/2025", "check_in_location": "", "check_out_location": "", "created_at": "2026-01-03T22:15:47.546Z"}}, {"model": "attendance.attendance", "pk": 307, "fields": {"employee": 7, "check_in": "2025-12-06T07:51:00Z", "check_out": "2025-12-06T17:15:00Z", "status": "present", "notes": "Asistencia del 06/12/2025", "check_in_location": "", "check_out_location": "", "created_at": "2026-01-03T22:15:47.550Z"}}, {"model": "attendance.attendance", "pk": 308, "fields": {"employee": 8, "check_in": "2025-12-06T07:11:00Z", "check_out": "2025-12-06T17:17:00Z", "status": "present", "notes": "Asistencia del 06/12/2025", "check_in_location": "", "check_out_location": "", "created_at": "2026-01-03T22:15:47.554Z"}}, {"model": "attendance.attendance", "pk": 309, "fields": {"employee": 9, "check_in": "2025-12-06T08:14:00Z", "check_out": "2025-12-06T16:44:00Z", "status": "late", "notes": "Asistencia del 06/12/2025", "check_in_location": "", "check_out_location": "", "created_at": "2026-01-03T22:15:47.558Z"}}, {"model": "attendance.attendance", "pk": 310, "fields": {"employee": 10, "check_in": "2025-12-06T08:30:00Z", "check_out": "2025-12-06T16:40:00Z", "status": "late", "notes": "Asistencia del 06/12/2025", "check_in_location": "", "check_out_location": "", "created_at": "2026-01-03T22:15:47.563Z"}}, {"model": "attendance.attendance", "pk": 311, "fields": {"employee": 11, "check_in": "2025-12-06T07:11:00Z", "check_out": "2025-12-06T16:04:00Z", "status": "present", "notes": "Asistencia del 06/12/2025", "check_in_location": "", "check_out_location": "", "created_at": "2026-01-03T22:15:47.568Z"}}, {"model": "attendance.attendance", "pk": 312, "fields": {"employee": 13, "check_in": "2025-12-06T07:58:00Z", "check_out": "2025-12-06T17:39:00Z", "status": "present", "notes": "Asistencia del 06/12/2025", "check_in_location": "", "check_out_location": "", "created_at": "2026-01-03T22:15:47.572Z"}}, {"model": "attendance.attendance", "pk": 313, "fields": {"employee": 14, "check_in": "2025-12-06T07:58:00Z", "check_out": "2025-12-06T17:51:00Z", "status": "present", "notes": "Asistencia del 06/12/2025", "check_in_location": "", "check_out_location": "", "created_at": "2026-01-03T22:15:47.576Z"}}, {"model": "attendance.attendance", "pk": 314, "fields": {"employee": 3, "check_in": "2025-12-05T08:06:00Z", "check_out": "2025-12-05T16:42:00Z", "status": "late", "notes": "Asistencia del 05/12/2025", "check_in_location": "", "check_out_location": "", "created_at": "2026-01-03T22:15:47.581Z"}}, {"model": "attendance.attendance", "pk": 315, "fields": {"employee": 4, "check_in": "2025-12-05T08:16:00Z", "check_out": "2025-12-05T16:36:00Z", "status": "late", "notes": "Asistencia del 05/12/2025", "check_in_location": "", "check_out_location": "", "created_at": "2026-01-03T22:15:47.585Z"}}, {"model": "attendance.attendance", "pk": 316, "fields": {"employee": 5, "check_in": "2025-12-05T07:35:00Z", "check_out": "2025-12-05T17:08:00Z", "status": "present", "notes": "Asistencia del 05/12/2025", "check_in_location": "", "check_out_location": "", "created_at": "2026-01-03T22:15:47.589Z"}}, {"model": "attendance.attendance", "pk": 317, "fields": {"employee": 6, "check_in": "2025-12-05T07:13:00Z", "check_out": "2025-12-05T16:55:00Z", "status": "present", "notes": "Asistencia del 05/12/2025", "check_in_location": "", "check_out_location": "", "created_at": "2026-01-03T22:15:47.594Z"}}, {"model": "attendance.attendance", "pk": 318, "fields": {"employee": 7, "check_in": "2025-12-05T07:35:00Z", "check_out": "2025-12-05T17:11:00Z", "status": "present", "notes": "Asistencia del 05/12/2025", "check_in_location": "", "check_out_location": "", "created_at": "2026-01-03T22:15:47.598Z"}}, {"model": "attendance.attendance", "pk": 319, "fields": {"employee": 9, "check_in": "2025-12-05T07:18:00Z", "check_out": "2025-12-05T17:10:00Z", "status": "present", "notes": "Asistencia del 05/12/2025", "check_in_location": "", "check_out_location": "", "created_at": "2026-01-03T22:15:47.603Z"}}, {"model": "attendance.attendance", "pk": 320, "fields": {"employee": 10, "check_in": "2025-12-05T08:26:00Z", "check_out": "2025-12-05T16:56:00Z", "status": "late", "notes": "Asistencia del 05/12/2025", "check_in_location": "", "check_out_location": "", "created_at": "2026-01-03T22:15:47.607Z"}}, {"model": "attendance.attendance", "pk": 321, "fields": {"employee": 11, "check_in": "2025-12-05T07:47:00Z", "check_out": "2025-12-05T17:48:00Z", "status": "present", "notes": "Asistencia del 05/12/2025", "check_in_location": "", "check_out_location": "", "created_at": "2026-01-03T22:15:47.611Z"}}, {"model": "attendance.attendance", "pk": 322, "fields": {"employee": 12, "check_in": "2025-12-05T08:30:00Z", "check_out": "2025-12-05T16:11:00Z", "status": "late", "notes": "Asistencia del 05/12/2025", "check_in_location": "", "check_out_location": "", "created_at": "2026-01-03T22:15:47.616Z"}}, {"model": "attendance.attendance", "pk": 323, "fields": {"employee": 14, "check_in": "2025-12-05T08:20:00Z", "check_out": "2025-12-05T16:04:00Z", "status": "late", "notes": "Asistencia del 05/12/2025", "check_in_location": "", "check_out_location": "", "created_at": "2026-01-03T22:15:47.620Z"}}, {"model": "attendance.attendance", "pk": 324, "fields": {"employee": 9, "check_in": "2026-01-04T18:55:54.433Z", "check_out": null, "status": "late", "notes": "", "check_in_location": "", "check_out_location": "", "created_at": "2026-01-04T18:55:54.433Z"}}, {"model": "attendance.attendance", "pk": 325, "fields": {"employee": 4, "check_in": "2026-01-05T08:04:49.023Z", "check_out": null, "status": "present", "notes": "", "check_in_location": "", "check_out_location": "", "created_at": "2026-01-05T08:04:49.023Z"}}, {"model": "attendance.attendance", "pk": 326, "fields": {"employee": 9, "check_in": "2026-01-05T08:27:20.132Z", "check_out": null, "status": "present", "notes": "", "check_in_location": "", "check_out_location": "", "created_at": "2026-01-05T08:27:20.133Z"}}, {"model": "attendance.attendance", "pk": 327, "fields": {"employee": 8, "check_in": "2026-01-05T09:30:12.049Z", "check_out": null, "status": "late", "notes": "", "check_in_location": "", "check_out_location": "", "created_at": "2026-01-05T09:30:12.049Z"}}, {"model": "leave.leave", "pk": 1, "fields": {"employee": 9, "leave_type": "other", "start_date": "2025-12-14", "end_date": "2025-12-23", "reason": "Solicitud de other del empleado Isabel Sánchez", "status": "rejected", "approved_by": 4, "approved_at": "2026-01-03T22:15:47.624Z", "rejection_reason": "No disponibilidad de personal", "attachment": "", "created_at": "2026-01-03T22:15:47.624Z", "updated_at": "2026-01-03T22:15:47.624Z"}}, {"model": "leave.leave", "pk": 2, "fields": {"employee": 10, "leave_type": "other", "start_date": "2026-01-17", "end_date": "2026-01-23", "reason": "Solicitud de other del empleado Rosa Moreno", "status": "approved", "approved_by": 11, "approved_at": "2026-01-03T22:15:47.629Z", "rejection_reason": "", "attachment": "", "created_at": "2026-01-03T22:15:47.629Z", "updated_at": "2026-01-03T22:15:47.629Z"}}, {"model": "leave.leave", "pk": 3, "fields": {"employee": 12, "leave_type": "sick", "start_date": "2026-01-04", "end_date": "2026-01-10", "reason": "Solicitud de sick del empleado Juan Díaz", "status": "approved", "approved_by": 14, "approved_at": "2026-01-03T22:15:47.633Z", "rejection_reason": "", "attachment": "", "created_at": "2026-01-03T22:15:47.633Z", "updated_at": "2026-01-03T22:15:47.633Z"}}, {"model": "leave.leave", "pk": 4, "fields": {"employee": 10, "leave_type": "other", "start_date": "2025-12-11", "end_date": "2025-12-15", "reason": "Solicitud de other del empleado Rosa Moreno", "status": "approved", "approved_by": 7, "approved_at": "2026-01-03T22:15:47.637Z", "rejection_reason": "", "attachment": "", "created_at": "2026-01-03T22:15:47.637Z", "updated_at": "2026-01-03T22:15:47.637Z"}}, {"model": "leave.leave", "pk": 5, "fields": {"employee": 12, "leave_type": "vacation", "start_date": "2026-01-21", "end_date": "2026-01-25", "reason": "Solicitud de vacation del empleado Juan Díaz", "status": "approved", "approved_by": 11, "approved_at": "2026-01-03T22:15:47.641Z", "rejection_reason": "", "attachment": "", "created_at": "2026-01-03T22:15:47.642Z", "updated_at": "2026-01-03T22:15:47.642Z"}}, {"model": "leave.leave", "pk": 6, "fields": {"employee": 6, "leave_type": "other", "start_date": "2026-02-09", "end_date": "2026-02-13", "reason": "Solicitud de other del empleado Pedro López", "status": "pending", "approved_by": null, "approved_at": null, "rejection_reason": "", "attachment": "", "created_at": "2026-01-03T22:15:47.646Z", "updated_at": "2026-01-03T22:15:47.646Z"}}, {"model": "leave.leave", "pk": 7, "fields": {"employee": 13, "leave_type": "sick", "start_date": "2025-12-31", "end_date": "2026-01-09", "reason": "Solicitud de sick del empleado Antonio Jiménez", "status": "approved", "approved_by": 7, "approved_at": "2026-01-03T22:15:47.650Z", "rejection_reason": "", "attachment": "", "created_at": "2026-01-03T22:15:47.650Z", "updated_at": "2026-01-03T22:15:47.650Z"}}, {"model": "leave.leave", "pk": 8, "fields": {"employee": 9, "leave_type": "sick", "start_date": "2025-12-16", "end_date": "2025-12-17", "reason": "Solicitud de sick del empleado Isabel Sánchez", "status": "rejected", "approved_by": 7, "approved_at": "2026-01-03T22:15:47.654Z", "rejection_reason": "No disponibilidad de personal", "attachment": "", "created_at": "2026-01-03T22:15:47.654Z", "updated_at": "2026-01-03T22:15:47.654Z"}}, {"model": "leave.leave", "pk": 9, "fields": {"employee": 13, "leave_type": "other", "start_date": "2026-01-31", "end_date": "2026-02-06", "reason": "Solicitud de other del empleado Antonio Jiménez", "status": "rejected", "approved_by": 14, "approved_at": "2026-01-03T22:15:47.658Z", "rejection_reason": "No disponibilidad de personal", "attachment": "", "created_at": "2026-01-03T22:15:47.658Z", "updated_at": "2026-01-03T22:15:47.658Z"}}, {"model": "leave.leave", "pk": 10, "fields": {"employee": 10, "leave_type": "sick", "start_date": "2026-03-02", "end_date": "2026-03-12", "reason": "Solicitud de sick del empleado Rosa Moreno", "status": "rejected", "approved_by": 11, "approved_at": "2026-01-03T22:15:47.662Z", "rejection_reason": "No disponibilidad de personal", "attachment": "", "created_at": "2026-01-03T22:15:47.662Z", "updated_at": "2026-01-03T22:15:47.662Z"}}, {"model": "leave.leave", "pk": 11, "fields": {"employee": 5, "leave_type": "personal", "start_date": "2026-01-07", "end_date": "2026-01-12", "reason": "Solicitud de personal del empleado Ana Martínez", "status": "approved", "approved_by": 11, "approved_at": "2026-01-03T22:15:47.667Z", "rejection_reason": "", "attachment": "", "created_at": "2026-01-03T22:15:47.667Z", "updated_at": "2026-01-03T22:15:47.667Z"}}, {"model": "leave.leave", "pk": 12, "fields": {"employee": 13, "leave_type": "vacation", "start_date": "2026-02-22", "end_date": "2026-03-02", "reason": "Solicitud de vacation del empleado Antonio Jiménez", "status": "pending", "approved_by": null, "approved_at": null, "rejection_reason": "", "attachment": "", "created_at": "2026-01-03T22:15:47.671Z", "updated_at": "2026-01-03T22:15:47.671Z"}}, {"model": "leave.leave", "pk": 13, "fields": {"employee": 8, "leave_type": "other", "start_date": "2026-01-24", "end_date": "2026-02-03", "reason": "Solicitud de other del empleado Carmen Ruiz", "status": "approved", "approved_by": 4, "approved_at": "2026-01-03T22:15:47.675Z", "rejection_reason": "", "attachment": "", "created_at": "2026-01-03T22:15:47.675Z", "updated_at": "2026-01-03T22:15:47.675Z"}}, {"model": "leave.leave", "pk": 14, "fields": {"employee": 10, "leave_type": "personal", "start_date": "2026-02-06", "end_date": "2026-02-16", "reason": "Solicitud de personal del empleado Rosa Moreno", "status": "pending", "approved_by": null, "approved_at": null, "rejection_reason": "", "attachment": "", "created_at": "2026-01-03T22:15:47.679Z", "updated_at": "2026-01-03T22:15:47.679Z"}}, {"model": "leave.leave", "pk": 15, "fields": {"employee": 12, "leave_type": "vacation", "start_date": "2026-02-04", "end_date": "2026-02-12", "reason": "Solicitud de vacation del empleado Juan Díaz", "status": "approved", "approved_by": 11, "approved_at": "2026-01-03T22:15:47.683Z", "rejection_reason": "", "attachment": "", "created_at": "2026-01-03T22:15:47.683Z", "updated_at": "2026-01-03T22:15:47.683Z"}}, {"model": "leave.leave", "pk": 16, "fields": {"employee": 5, "leave_type": "sick", "start_date": "2026-02-28", "end_date": "2026-03-10", "reason": "Solicitud de sick del empleado Ana Martínez", "status": "rejected", "approved_by": 14, "approved_at": "2026-01-03T22:15:47.687Z", "rejection_reason": "No disponibilidad de personal", "attachment": "", "created_at": "2026-01-03T22:15:47.687Z", "updated_at": "2026-01-03T22:15:47.687Z"}}, {"model": "leave.leave", "pk": 17, "fields": {"employee": 5, "leave_type": "personal", "start_date": "2026-01-20", "end_date": "2026-01-25", "reason": "Solicitud de personal del empleado Ana Martínez", "status": "rejected", "approved_by": 3, "approved_at": "2026-01-03T22:15:47.691Z", "rejection_reason": "No disponibilidad de personal", "attachment": "", "created_at": "2026-01-03T22:15:47.691Z", "updated_at": "2026-01-03T22:15:47.691Z"}}, {"model": "leave.leave", "pk": 18, "fields": {"employee": 5, "leave_type": "vacation", "start_date": "2026-01-31", "end_date": "2026-02-09", "reason": "Solicitud de vacation del empleado Ana Martínez", "status": "pending", "approved_by": null, "approved_at": null, "rejection_reason": "", "attachment": "", "created_at": "2026-01-03T22:15:47.697Z", "updated_at": "2026-01-03T22:15:47.697Z"}}, {"model": "leave.leave", "pk": 19, "fields": {"employee": 5, "leave_type": "other", "start_date": "2025-12-20", "end_date": "2025-12-21", "reason": "Solicitud de other del empleado Ana Martínez", "status": "approved", "approved_by": 4, "approved_at": "2026-01-03T22:15:47.701Z", "rejection_reason": "", "attachment": "", "created_at": "2026-01-03T22:15:47.701Z", "updated_at": "2026-01-03T22:15:47.701Z"}}, {"model": "leave.leave", "pk": 20, "fields": {"employee": 10, "leave_type": "sick", "start_date": "2026-01-06", "end_date": "2026-01-10", "reason": "Solicitud de sick del empleado Rosa Moreno", "status": "pending", "approved_by": null, "approved_at": null, "rejection_reason": "", "attachment": "", "created_at": "2026-01-03T22:15:47.706Z", "updated_at": "2026-01-03T22:15:47.706Z"}}, {"model": "leave.leave", "pk": 21, "fields": {"employee": 7, "leave_type": "personal", "start_date": "2026-01-15", "end_date": "2026-01-17", "reason": "o", "status": "pending", "approved_by": null, "approved_at": null, "rejection_reason": "", "attachment": "", "created_at": "2026-01-05T11:31:31.927Z", "updated_at": "2026-01-05T11:31:31.927Z"}}, {"model": "rooms.roomtype", "pk": 1, "fields": {"name": "Individual", "code": "IND", "capacity": 1, "description": "Habitación individual con cama sencilla", "amenities": "WiFi, TV, Minibar, Baño privado", "is_active": true}}, {"model": "rooms.roomtype", "pk": 2, "fields": {"name": "Doble", "code": "DBL", "capacity": 2, "description": "Habitación doble con cama matrimonial", "amenities": "WiFi, TV, Minibar, Baño privado, Balcón", "is_active": true}}, {"model": "rooms.roomtype", "pk": 3, "fields": {"name": "Twin", "code": "TWN", "capacity": 2, "description": "Habitación con dos camas individuales", "amenities": "WiFi, TV, Minibar, Baño privado", "is_active": true}}, {"model": "rooms.roomtype", "pk": 4, "fields": {"name": "Suite", "code": "SUI", "capacity": 4, "description": "Suite con sala de estar y habitación separadas", "amenities": "WiFi, TV, Minibar, Baño privado, Jacuzzi, Vista al mar", "is_active": true}}, {"model": "rooms.roomtype", "pk": 5, "fields": {"name": "Suite Deluxe", "code": "SUI-DLX", "capacity": 4, "description": "Suite de lujo con todas las comodidades", "amenities": "WiFi, TV, Minibar, 2 Baños, Jacuzzi, Vista al mar, Terraza privada", "is_active": true}}, {"model": "rooms.reservation", "pk": 1, "fields": {"reservation_number": "RES-20260103-2766", "room": 4, "check_in_date": "2025-12-14", "check_out_date": "2025-12-16", "actual_check_in": "2025-12-13T23:00:00Z", "actual_check_out": "2025-12-15T23:00:00Z", "guest_first_name": "María", "guest_last_name": "González", "guest_email": "maria.gonzalez@email.com", "guest_phone": "+34 600 200 200", "guest_dni": "23456789B", "guest_nationality": "España", "guest_address": "", "adults": 2, "children": 0, "special_requests": "", "status": "checked_out", "created_by": 5, "checked_in_by": 5, "checked_out_by": 5, "room_rate": "110.00", "total_amount": "220.00", "paid_amount": "220.00", "payment_status": "paid", "internal_notes": "", "cancellation_reason": "", "created_at": "2026-01-03T22:15:46.153Z", "updated_at": "2026-01-03T22:15:46.153Z"}}, {"model": "rooms.reservation", "pk": 2, "fields": {"reservation_number": "RES-20260103-0460", "room": 23, "check_in_date": "2025-12-24", "check_out_date": "2025-12-25", "actual_check_in": "2025-12-23T23:00:00Z", "actual_check_out": "2025-12-24T23:00:00Z", "guest_first_name": "Carlos", "guest_last_name": "López", "guest_email": "carlos.lopez@email.com", "guest_phone": "+34 600 500 500", "guest_dni": "56789012E", "guest_nationality": "España", "guest_address": "", "adults": 2, "children": 1, "special_requests": "", "status": "checked_out", "created_by": 5, "checked_in_by": 5, "checked_out_by": 5, "room_rate": "93.00", "total_amount": "93.00", "paid_amount": "93.00", "payment_status": "paid", "internal_notes": "", "cancellation_reason": "", "created_at": "2026-01-03T22:15:46.158Z", "updated_at": "2026-01-03T22:15:46.158Z"}}, {"model": "rooms.reservation", "pk": 3, "fields": {"reservation_number": "RES-20260103-3925", "room": 29, "check_in_date": "2025-12-11", "check_out_date": "2025-12-12", "actual_check_in": "2025-12-10T23:00:00Z", "actual_check_out": "2025-12-11T23:00:00Z", "guest_first_name": "María", "guest_last_name": "González", "guest_email": "maria.gonzalez@email.com", "guest_phone": "+34 600 200 200", "guest_dni": "23456789B", "guest_nationality": "España", "guest_address": "", "adults": 2, "children": 0, "special_requests": "", "status": "checked_out", "created_by": 5, "checked_in_by": 5, "checked_out_by": 5, "room_rate": "197.00", "total_amount": "197.00", "paid_amount": "197.00", "payment_status": "paid", "internal_notes": "", "cancellation_reason": "", "created_at": "2026-01-03T22:15:46.163Z", "updated_at": "2026-01-03T22:15:46.163Z"}}, {"model": "rooms.reservation", "pk": 4, "fields": {"reservation_number": "RES-20260103-6729", "room": 22, "check_in_date": "2025-12-19", "check_out_date": "2025-12-22", "actual_check_in": "2025-12-18T23:00:00Z", "actual_check_out": "2025-12-21T23:00:00Z", "guest_first_name": "Juan", "guest_last_name": "Pérez", "guest_email": "juan.perez@email.com", "guest_phone": "+34 600 100 100", "guest_dni": "12345678A", "guest_nationality": "España", "guest_address": "", "adults": 2, "children": 2, "special_requests": "", "status": "checked_out", "created_by": 5, "checked_in_by": 5, "checked_out_by": 5, "room_rate": "152.00", "total_amount": "456.00", "paid_amount": "456.00", "payment_status": "paid", "internal_notes": "", "cancellation_reason": "", "created_at": "2026-01-03T22:15:46.168Z", "updated_at": "2026-01-03T22:15:46.168Z"}}, {"model": "rooms.reservation", "pk": 5, "fields": {"reservation_number": "RES-20260103-2013", "room": 30, "check_in_date": "2025-12-06", "check_out_date": "2025-12-11", "actual_check_in": "2025-12-05T23:00:00Z", "actual_check_out": "2025-12-10T23:00:00Z", "guest_first_name": "María", "guest_last_name": "González", "guest_email": "maria.gonzalez@email.com", "guest_phone": "+34 600 200 200", "guest_dni": "23456789B", "guest_nationality": "España", "guest_address": "", "adults": 3, "children": 1, "special_requests": "", "status": "checked_out", "created_by": 5, "checked_in_by": 5, "checked_out_by": 5, "room_rate": "102.00", "total_amount": "510.00", "paid_amount": "510.00", "payment_status": "paid", "internal_notes": "", "cancellation_reason": "", "created_at": "2026-01-03T22:15:46.173Z", "updated_at": "2026-01-03T22:15:46.173Z"}}, {"model": "rooms.reservation", "pk": 6, "fields": {"reservation_number": "RES-20260103-4942", "room": 31, "check_in_date": "2025-12-31", "check_out_date": "2026-01-05", "actual_check_in": "2025-12-30T23:00:00Z", "actual_check_out": null, "guest_first_name": "David", "guest_last_name": "Martín", "guest_email": "david.martin@email.com", "guest_phone": "+34 600 300 300", "guest_dni": "34567890C", "guest_nationality": "España", "guest_address": "", "adults": 2, "children": 0, "special_requests": "", "status": "checked_in", "created_by": 5, "checked_in_by": 5, "checked_out_by": null, "room_rate": "167.00", "total_amount": "835.00", "paid_amount": "0.00", "payment_status": "unpaid", "internal_notes": "", "cancellation_reason": "", "created_at": "2026-01-03T22:15:46.177Z", "updated_at": "2026-01-03T22:15:46.177Z"}}, {"model": "rooms.reservation", "pk": 7, "fields": {"reservation_number": "RES-20260103-7237", "room": 4, "check_in_date": "2026-01-02", "check_out_date": "2026-01-08", "actual_check_in": "2026-01-01T23:00:00Z", "actual_check_out": null, "guest_first_name": "Carlos", "guest_last_name": "López", "guest_email": "carlos.lopez@email.com", "guest_phone": "+34 600 500 500", "guest_dni": "56789012E", "guest_nationality": "España", "guest_address": "", "adults": 3, "children": 1, "special_requests": "", "status": "checked_in", "created_by": 5, "checked_in_by": 5, "checked_out_by": null, "room_rate": "105.00", "total_amount": "630.00", "paid_amount": "0.00", "payment_status": "unpaid", "internal_notes": "", "cancellation_reason": "", "created_at": "2026-01-03T22:15:46.182Z", "updated_at": "2026-01-03T22:15:46.182Z"}}, {"model": "rooms.reservation", "pk": 8, "fields": {"reservation_number": "RES-20260103-1704", "room": 3, "check_in_date": "2026-01-01", "check_out_date": "2026-01-06", "actual_check_in": "2025-12-31T23:00:00Z", "actual_check_out": null, "guest_first_name": "María", "guest_last_name": "González", "guest_email": "maria.gonzalez@email.com", "guest_phone": "+34 600 200 200", "guest_dni": "23456789B", "guest_nationality": "España", "guest_address": "", "adults": 1, "children": 0, "special_requests": "", "status": "checked_in", "created_by": 5, "checked_in_by": 5, "checked_out_by": null, "room_rate": "132.00", "total_amount": "660.00", "paid_amount": "0.00", "payment_status": "unpaid", "internal_notes": "", "cancellation_reason": "", "created_at": "2026-01-03T22:15:46.186Z", "updated_at": "2026-01-03T22:15:46.186Z"}}, {"model": "rooms.reservation", "pk": 9, "fields": {"reservation_number": "RES-20260103-0651", "room": 2, "check_in_date": "2026-01-05", "check_out_date": "2026-01-11", "actual_check_in": null, "actual_check_out": null, "guest_first_name": "David", "guest_last_name": "Martín", "guest_email": "david.martin@email.com", "guest_phone": "+34 600 300 300", "guest_dni": "34567890C", "guest_nationality": "España", "guest_address": "", "adults": 2, "children": 2, "special_requests": "", "status": "pending", "created_by": 5, "checked_in_by": null, "checked_out_by": null, "room_rate": "168.00", "total_amount": "1008.00", "paid_amount": "0.00", "payment_status": "unpaid", "internal_notes": "", "cancellation_reason": "", "created_at": "2026-01-03T22:15:46.190Z", "updated_at": "2026-01-03T22:15:46.190Z"}}, {"model": "rooms.reservation", "pk": 10, "fields": {"reservation_number": "RES-20260103-3062", "room": 20, "check_in_date": "2026-01-12", "check_out_date": "2026-01-18", "actual_check_in": null, "actual_check_out": null, "guest_first_name": "Carlos", "guest_last_name": "López", "guest_email": "carlos.lopez@email.com", "guest_phone": "+34 600 500 500", "guest_dni": "56789012E", "guest_nationality": "España", "guest_address": "", "adults": 2, "children": 0, "special_requests": "", "status": "confirmed", "created_by": 5, "checked_in_by": null, "checked_out_by": null, "room_rate": "108.00", "total_amount": "648.00", "paid_amount": "0.00", "payment_status": "unpaid", "internal_notes": "", "cancellation_reason": "", "created_at": "2026-01-03T22:15:46.195Z", "updated_at": "2026-01-03T22:15:46.195Z"}}, {"model": "rooms.reservation", "pk": 11, "fields": {"reservation_number": "RES-20260103-3916", "room": 1, "check_in_date": "2026-01-06", "check_out_date": "2026-01-10", "actual_check_in": null, "actual_check_out": null, "guest_first_name": "María", "guest_last_name": "González", "guest_email": "maria.gonzalez@email.com", "guest_phone": "+34 600 200 200", "guest_dni": "23456789B", "guest_nationality": "España", "guest_address": "", "adults": 3, "children": 2, "special_requests": "", "status": "confirmed", "created_by": 5, "checked_in_by": null, "checked_out_by": null, "room_rate": "100.00", "total_amount": "400.00", "paid_amount": "0.00", "payment_status": "unpaid", "internal_notes": "", "cancellation_reason": "", "created_at": "2026-01-03T22:15:46.200Z", "updated_at": "2026-01-03T22:15:46.200Z"}}, {"model": "rooms.reservation", "pk": 12, "fields": {"reservation_number": "RES-20260103-2113", "room": 12, "check_in_date": "2026-01-06", "check_out_date": "2026-01-09", "actual_check_in": null, "actual_check_out": null, "guest_first_name": "David", "guest_last_name": "Martín", "guest_email": "david.martin@email.com", "guest_phone": "+34 600 300 300", "guest_dni": "34567890C", "guest_nationality": "España", "guest_address": "", "adults": 2, "children": 2, "special_requests": "", "status": "pending", "created_by": 5, "checked_in_by": null, "checked_out_by": null, "room_rate": "186.00", "total_amount": "558.00", "paid_amount": "0.00", "payment_status": "unpaid", "internal_notes": "", "cancellation_reason": "", "created_at": "2026-01-03T22:15:46.204Z", "updated_at": "2026-01-03T22:15:46.204Z"}}, {"model": "rooms.reservation", "pk": 13, "fields": {"reservation_number": "RES-20260103-0978", "room": 8, "check_in_date": "2026-01-07", "check_out_date": "2026-01-08", "actual_check_in": null, "actual_check_out": null, "guest_first_name": "David", "guest_last_name": "Martín", "guest_email": "david.martin@email.com", "guest_phone": "+34 600 300 300", "guest_dni": "34567890C", "guest_nationality": "España", "guest_address": "", "adults": 3, "children": 1, "special_requests": "", "status": "pending", "created_by": 5, "checked_in_by": null, "checked_out_by": null, "room_rate": "161.00", "total_amount": "161.00", "paid_amount": "0.00", "payment_status": "unpaid", "internal_notes": "", "cancellation_reason": "", "created_at": "2026-01-03T22:15:46.209Z", "updated_at": "2026-01-03T22:15:46.209Z"}}, {"model": "rooms.reservation", "pk": 14, "fields": {"reservation_number": "RES-20260103-6823", "room": 24, "check_in_date": "2026-01-12", "check_out_date": "2026-01-16", "actual_check_in": null, "actual_check_out": null, "guest_first_name": "Laura", "guest_last_name": "Sánchez", "guest_email": "laura.sanchez@email.com", "guest_phone": "+34 600 400 400", "guest_dni": "45678901D", "guest_nationality": "España", "guest_address": "", "adults": 3, "children": 1, "special_requests": "", "status": "pending", "created_by": 5, "checked_in_by": null, "checked_out_by": null, "room_rate": "91.00", "total_amount": "364.00", "paid_amount": "0.00", "payment_status": "unpaid", "internal_notes": "", "cancellation_reason": "", "created_at": "2026-01-03T22:15:46.213Z", "updated_at": "2026-01-03T22:15:46.213Z"}}, {"model": "rooms.reservation", "pk": 15, "fields": {"reservation_number": "RES-20260103-9871", "room": 29, "check_in_date": "2026-01-17", "check_out_date": "2026-01-22", "actual_check_in": null, "actual_check_out": null, "guest_first_name": "Juan", "guest_last_name": "Pérez", "guest_email": "juan.perez@email.com", "guest_phone": "+34 600 100 100", "guest_dni": "12345678A", "guest_nationality": "España", "guest_address": "", "adults": 1, "children": 1, "special_requests": "", "status": "pending", "created_by": 5, "checked_in_by": null, "checked_out_by": null, "room_rate": "150.00", "total_amount": "750.00", "paid_amount": "0.00", "payment_status": "unpaid", "internal_notes": "", "cancellation_reason": "", "created_at": "2026-01-03T22:15:46.218Z", "updated_at": "2026-01-03T22:15:46.218Z"}}, {"model": "rooms.room", "pk": 1, "fields": {"number": "101", "floor": 1, "room_type": 1, "status": "clean", "occupancy": "vacant", "last_cleaned": null, "last_inspected": null, "notes": "Habitación 101", "is_active": true, "created_at": "2026-01-03T22:15:45.913Z", "updated_at": "2026-01-03T22:15:45.913Z"}}, {"model": "rooms.room", "pk": 2, "fields": {"number": "102", "floor": 1, "room_type": 1, "status": "clean", "occupancy": "occupied", "last_cleaned": "2026-01-02T03:15:45.922Z", "last_inspected": null, "notes": "Habitación 102", "is_active": true, "created_at": "2026-01-03T22:15:45.918Z", "updated_at": "2026-01-03T22:15:45.922Z"}}, {"model": "rooms.room", "pk": 3, "fields": {"number": "103", "floor": 1, "room_type": 2, "status": "clean", "occupancy": "vacant", "last_cleaned": "2026-01-03T14:15:45.930Z", "last_inspected": null, "notes": "Habitación 103", "is_active": true, "created_at": "2026-01-03T22:15:45.926Z", "updated_at": "2026-01-03T22:15:45.930Z"}}, {"model": "rooms.room", "pk": 4, "fields": {"number": "104", "floor": 1, "room_type": 2, "status": "clean", "occupancy": "reserved", "last_cleaned": "2026-01-02T09:15:45.939Z", "last_inspected": null, "notes": "Habitación 104", "is_active": true, "created_at": "2026-01-03T22:15:45.935Z", "updated_at": "2026-01-03T22:15:45.940Z"}}, {"model": "rooms.room", "pk": 5, "fields": {"number": "105", "floor": 1, "room_type": 2, "status": "clean", "occupancy": "vacant", "last_cleaned": "2026-01-02T10:15:45.949Z", "last_inspected": null, "notes": "Habitación 105", "is_active": true, "created_at": "2026-01-03T22:15:45.944Z", "updated_at": "2026-01-03T22:15:45.949Z"}}, {"model": "rooms.room", "pk": 6, "fields": {"number": "106", "floor": 1, "room_type": 3, "status": "clean", "occupancy": "vacant", "last_cleaned": "2026-01-02T11:15:45.958Z", "last_inspected": null, "notes": "Habitación 106", "is_active": true, "created_at": "2026-01-03T22:15:45.953Z", "updated_at": "2026-01-03T22:15:45.958Z"}}, {"model": "rooms.room", "pk": 7, "fields": {"number": "107", "floor": 1, "room_type": 3, "status": "clean", "occupancy": "reserved", "last_cleaned": "2026-01-03T05:15:45.966Z", "last_inspected": null, "notes": "Habitación 107", "is_active": true, "created_at": "2026-01-03T22:15:45.962Z", "updated_at": "2026-01-03T22:15:45.966Z"}}, {"model": "rooms.room", "pk": 8, "fields": {"number": "108", "floor": 1, "room_type": 3, "status": "clean", "occupancy": "reserved", "last_cleaned": "2026-01-02T13:15:45.975Z", "last_inspected": null, "notes": "Habitación 108", "is_active": true, "created_at": "2026-01-03T22:15:45.971Z", "updated_at": "2026-01-03T22:15:45.975Z"}}, {"model": "rooms.room", "pk": 9, "fields": {"number": "109", "floor": 1, "room_type": 2, "status": "maintenance", "occupancy": "vacant", "last_cleaned": null, "last_inspected": null, "notes": "Habitación 109", "is_active": true, "created_at": "2026-01-03T22:15:45.979Z", "updated_at": "2026-01-04T18:26:03.859Z"}}, {"model": "rooms.room", "pk": 10, "fields": {"number": "110", "floor": 1, "room_type": 2, "status": "clean", "occupancy": "vacant", "last_cleaned": "2026-01-02T07:15:45.987Z", "last_inspected": null, "notes": "Habitación 110", "is_active": true, "created_at": "2026-01-03T22:15:45.983Z", "updated_at": "2026-01-03T22:15:45.987Z"}}, {"model": "rooms.room", "pk": 11, "fields": {"number": "201", "floor": 2, "room_type": 2, "status": "clean", "occupancy": "reserved", "last_cleaned": "2026-01-03T15:15:45.995Z", "last_inspected": null, "notes": "Habitación 201", "is_active": true, "created_at": "2026-01-03T22:15:45.991Z", "updated_at": "2026-01-03T22:15:45.995Z"}}, {"model": "rooms.room", "pk": 12, "fields": {"number": "202", "floor": 2, "room_type": 2, "status": "clean", "occupancy": "vacant", "last_cleaned": null, "last_inspected": null, "notes": "Habitación 202", "is_active": true, "created_at": "2026-01-03T22:15:45.999Z", "updated_at": "2026-01-03T22:15:45.999Z"}}, {"model": "rooms.room", "pk": 13, "fields": {"number": "203", "floor": 2, "room_type": 2, "status": "dirty", "occupancy": "reserved", "last_cleaned": "2026-01-03T07:15:46.007Z", "last_inspected": null, "notes": "Habitación 203", "is_active": true, "created_at": "2026-01-03T22:15:46.003Z", "updated_at": "2026-01-03T22:15:46.007Z"}}, {"model": "rooms.room", "pk": 14, "fields": {"number": "204", "floor": 2, "room_type": 3, "status": "clean", "occupancy": "vacant", "last_cleaned": null, "last_inspected": null, "notes": "Habitación 204", "is_active": true, "created_at": "2026-01-03T22:15:46.010Z", "updated_at": "2026-01-03T22:15:46.010Z"}}, {"model": "rooms.room", "pk": 15, "fields": {"number": "205", "floor": 2, "room_type": 3, "status": "clean", "occupancy": "occupied", "last_cleaned": null, "last_inspected": null, "notes": "Habitación 205", "is_active": true, "created_at": "2026-01-03T22:15:46.015Z", "updated_at": "2026-01-03T22:15:46.015Z"}}, {"model": "rooms.room", "pk": 16, "fields": {"number": "206", "floor": 2, "room_type": 3, "status": "clean", "occupancy": "reserved", "last_cleaned": null, "last_inspected": null, "notes": "Habitación 206", "is_active": true, "created_at": "2026-01-03T22:15:46.019Z", "updated_at": "2026-01-03T22:15:46.019Z"}}, {"model": "rooms.room", "pk": 17, "fields": {"number": "207", "floor": 2, "room_type": 2, "status": "clean", "occupancy": "vacant", "last_cleaned": "2026-01-02T14:15:46.027Z", "last_inspected": null, "notes": "Habitación 207", "is_active": true, "created_at": "2026-01-03T22:15:46.023Z", "updated_at": "2026-01-03T22:15:46.027Z"}}, {"model": "rooms.room", "pk": 18, "fields": {"number": "208", "floor": 2, "room_type": 2, "status": "clean", "occupancy": "vacant", "last_cleaned": "2026-01-02T23:15:46.036Z", "last_inspected": null, "notes": "Habitación 208", "is_active": true, "created_at": "2026-01-03T22:15:46.032Z", "updated_at": "2026-01-03T22:15:46.036Z"}}, {"model": "rooms.room", "pk": 19, "fields": {"number": "209", "floor": 2, "room_type": 2, "status": "dirty", "occupancy": "vacant", "last_cleaned": null, "last_inspected": null, "notes": "Habitación 209", "is_active": true, "created_at": "2026-01-03T22:15:46.041Z", "updated_at": "2026-01-03T22:15:46.041Z"}}, {"model": "rooms.room", "pk": 20, "fields": {"number": "210", "floor": 2, "room_type": 4, "status": "clean", "occupancy": "vacant", "last_cleaned": null, "last_inspected": null, "notes": "Habitación 210", "is_active": true, "created_at": "2026-01-03T22:15:46.045Z", "updated_at": "2026-01-03T22:15:46.045Z"}}, {"model": "rooms.room", "pk": 21, "fields": {"number": "301", "floor": 3, "room_type": 2, "status": "dirty", "occupancy": "vacant", "last_cleaned": "2026-01-02T10:15:46.053Z", "last_inspected": null, "notes": "Habitación 301", "is_active": true, "created_at": "2026-01-03T22:15:46.049Z", "updated_at": "2026-01-03T22:15:46.053Z"}}, {"model": "rooms.room", "pk": 22, "fields": {"number": "302", "floor": 3, "room_type": 3, "status": "clean", "occupancy": "vacant", "last_cleaned": "2026-01-02T14:15:46.061Z", "last_inspected": null, "notes": "Habitación 302", "is_active": true, "created_at": "2026-01-03T22:15:46.057Z", "updated_at": "2026-01-03T22:15:46.061Z"}}, {"model": "rooms.room", "pk": 23, "fields": {"number": "303", "floor": 3, "room_type": 3, "status": "clean", "occupancy": "vacant", "last_cleaned": "2026-01-03T21:15:46.069Z", "last_inspected": null, "notes": "Habitación 303", "is_active": true, "created_at": "2026-01-03T22:15:46.065Z", "updated_at": "2026-01-03T22:15:46.069Z"}}, {"model": "rooms.room", "pk": 24, "fields": {"number": "304", "floor": 3, "room_type": 4, "status": "clean", "occupancy": "vacant", "last_cleaned": "2026-01-02T04:15:46.077Z", "last_inspected": null, "notes": "Habitación 304", "is_active": true, "created_at": "2026-01-03T22:15:46.073Z", "updated_at": "2026-01-03T22:15:46.078Z"}}, {"model": "rooms.room", "pk": 25, "fields": {"number": "305", "floor": 3, "room_type": 4, "status": "clean", "occupancy": "vacant", "last_cleaned": "2026-01-03T00:15:46.086Z", "last_inspected": null, "notes": "Habitación 305", "is_active": true, "created_at": "2026-01-03T22:15:46.082Z", "updated_at": "2026-01-03T22:15:46.086Z"}}, {"model": "rooms.room", "pk": 26, "fields": {"number": "306", "floor": 3, "room_type": 5, "status": "clean", "occupancy": "vacant", "last_cleaned": null, "last_inspected": null, "notes": "Habitación 306", "is_active": true, "created_at": "2026-01-03T22:15:46.090Z", "updated_at": "2026-01-03T22:15:46.091Z"}}, {"model": "rooms.room", "pk": 27, "fields": {"number": "307", "floor": 3, "room_type": 2, "status": "clean", "occupancy": "vacant", "last_cleaned": "2026-01-03T08:15:46.099Z", "last_inspected": null, "notes": "Habitación 307", "is_active": true, "created_at": "2026-01-03T22:15:46.095Z", "updated_at": "2026-01-03T22:15:46.099Z"}}, {"model": "rooms.room", "pk": 28, "fields": {"number": "308", "floor": 3, "room_type": 3, "status": "dirty", "occupancy": "occupied", "last_cleaned": null, "last_inspected": null, "notes": "Habitación 308", "is_active": true, "created_at": "2026-01-03T22:15:46.103Z", "updated_at": "2026-01-03T22:15:46.103Z"}}, {"model": "rooms.room", "pk": 29, "fields": {"number": "401", "floor": 4, "room_type": 4, "status": "clean", "occupancy": "vacant", "last_cleaned": "2026-01-02T03:15:46.111Z", "last_inspected": null, "notes": "Habitación 401", "is_active": true, "created_at": "2026-01-03T22:15:46.107Z", "updated_at": "2026-01-03T22:15:46.111Z"}}, {"model": "rooms.room", "pk": 30, "fields": {"number": "402", "floor": 4, "room_type": 4, "status": "clean", "occupancy": "occupied", "last_cleaned": "2026-01-02T20:15:46.119Z", "last_inspected": null, "notes": "Habitación 402", "is_active": true, "created_at": "2026-01-03T22:15:46.115Z", "updated_at": "2026-01-03T22:15:46.119Z"}}, {"model": "rooms.room", "pk": 31, "fields": {"number": "403", "floor": 4, "room_type": 5, "status": "dirty", "occupancy": "vacant", "last_cleaned": "2026-01-03T17:15:46.127Z", "last_inspected": null, "notes": "Habitación 403", "is_active": true, "created_at": "2026-01-03T22:15:46.123Z", "updated_at": "2026-01-03T22:15:46.127Z"}}, {"model": "rooms.room", "pk": 32, "fields": {"number": "404", "floor": 4, "room_type": 5, "status": "clean", "occupancy": "occupied", "last_cleaned": "2026-01-02T03:15:46.135Z", "last_inspected": null, "notes": "Habitación 404", "is_active": true, "created_at": "2026-01-03T22:15:46.131Z", "updated_at": "2026-01-03T22:15:46.135Z"}}, {"model": "rooms.room", "pk": 33, "fields": {"number": "405", "floor": 4, "room_type": 4, "status": "clean", "occupancy": "occupied", "last_cleaned": null, "last_inspected": null, "notes": "Habitación 405", "is_active": true, "created_at": "2026-01-03T22:15:46.140Z", "updated_at": "2026-01-03T22:15:46.140Z"}}, {"model": "rooms.room", "pk": 34, "fields": {"number": "406", "floor": 4, "room_type": 5, "status": "clean", "occupancy": "reserved", "last_cleaned": "2026-01-01T22:15:46.148Z", "last_inspected": null, "notes": "Habitación 406", "is_active": true, "created_at": "2026-01-03T22:15:46.144Z", "updated_at": "2026-01-03T22:15:46.148Z"}}, {"model": "rooms.cleaningtask", "pk": 1, "fields": {"room": 9, "assigned_to": 9, "cleaning_type": "stay_over", "status": "completed", "priority": 3, "verified_by": null, "verified_at": null, "notes": "Limpieza de habitación 109", "photos": "", "created_at": "2026-01-03T22:15:47.710Z", "updated_at": "2026-01-04T18:43:47.571Z", "completed_at": "2026-01-04T18:43:47.571Z"}}, {"model": "rooms.cleaningtask", "pk": 2, "fields": {"room": 13, "assigned_to": null, "cleaning_type": "stay_over", "status": "completed", "priority": 5, "verified_by": null, "verified_at": null, "notes": "Limpieza de habitación 203", "photos": "", "created_at": "2026-01-03T22:15:47.715Z", "updated_at": "2026-01-03T22:15:47.715Z", "completed_at": "2026-01-04T18:43:39.997Z"}}, {"model": "rooms.cleaningtask", "pk": 3, "fields": {"room": 19, "assigned_to": null, "cleaning_type": "checkout", "status": "completed", "priority": 3, "verified_by": null, "verified_at": null, "notes": "", "photos": "", "created_at": "2026-01-03T22:15:47.719Z", "updated_at": "2026-01-05T11:09:51.881Z", "completed_at": "2026-01-05T11:09:51.881Z"}}, {"model": "rooms.cleaningtask", "pk": 4, "fields": {"room": 21, "assigned_to": null, "cleaning_type": "checkout", "status": "in_progress", "priority": 3, "verified_by": null, "verified_at": null, "notes": "Limpieza de habitación 301", "photos": "", "created_at": "2026-01-03T22:15:47.723Z", "updated_at": "2026-01-03T22:15:47.723Z", "completed_at": "2026-01-04T18:43:39.997Z"}}, {"model": "rooms.cleaningtask", "pk": 5, "fields": {"room": 28, "assigned_to": 9, "cleaning_type": "deep_cleaning", "status": "completed", "priority": 2, "verified_by": null, "verified_at": null, "notes": "Limpieza de habitación 308", "photos": "", "created_at": "2026-01-03T22:15:47.727Z", "updated_at": "2026-01-03T22:15:47.727Z", "completed_at": "2026-01-04T18:43:39.997Z"}}, {"model": "rooms.cleaningtask", "pk": 6, "fields": {"room": 31, "assigned_to": 9, "cleaning_type": "checkout", "status": "completed", "priority": 1, "verified_by": null, "verified_at": null, "notes": "Limpieza de habitación 403", "photos": "", "created_at": "2026-01-03T22:15:47.732Z", "updated_at": "2026-01-03T22:15:47.732Z", "completed_at": "2026-01-04T18:43:39.997Z"}}, {"model": "rooms.cleaningtask", "pk": 7, "fields": {"room": 21, "assigned_to": 9, "cleaning_type": "deep_cleaning", "status": "completed", "priority": 1, "verified_by": null, "verified_at": null, "notes": "", "photos": "", "created_at": "2026-01-04T11:04:40.052Z", "updated_at": "2026-01-04T18:55:01.593Z", "completed_at": "2026-01-04T18:55:01.593Z"}}, {"model": "rooms.cleaningtask", "pk": 8, "fields": {"room": 28, "assigned_to": 9, "cleaning_type": "checkout", "status": "completed", "priority": 1, "verified_by": null, "verified_at": null, "notes": "", "photos": "", "created_at": "2026-01-05T10:58:20.394Z", "updated_at": "2026-01-05T10:59:20.691Z", "completed_at": "2026-01-05T10:59:20.691Z"}}, {"model": "rooms.cleaningtask", "pk": 9, "fields": {"room": 13, "assigned_to": 10, "cleaning_type": "checkout", "status": "completed", "priority": 1, "verified_by": null, "verified_at": null, "notes": "", "photos": "", "created_at": "2026-01-05T10:59:55.224Z", "updated_at": "2026-01-05T11:00:07.718Z", "completed_at": "2026-01-05T11:00:07.718Z"}}, {"model": "rooms.cleaningtask", "pk": 10, "fields": {"room": 31, "assigned_to": 9, "cleaning_type": "checkout", "status": "completed", "priority": 1, "verified_by": null, "verified_at": null, "notes": "", "photos": "", "created_at": "2026-01-05T11:02:14.896Z", "updated_at": "2026-01-05T11:02:28.315Z", "completed_at": "2026-01-05T11:02:28.315Z"}}, {"model": "rooms.maintenancetask", "pk": 1, "fields": {"room": 16, "reported_by": 4, "assigned_to": null, "title": "Goteo en el baño", "description": "Se reporta problema en habitación 206", "priority": "high", "status": "completed", "resolution": "Problema resuelto", "photos": "", "created_at": "2026-01-03T22:15:47.737Z", "updated_at": "2026-01-03T22:15:47.737Z", "assigned_at": null, "resolved_at": null}}, {"model": "rooms.maintenancetask", "pk": 2, "fields": {"room": 9, "reported_by": 5, "assigned_to": null, "title": "Aire acondicionado no funciona", "description": "Se reporta problema en habitación 109", "priority": "high", "status": "pending", "resolution": "", "photos": "", "created_at": "2026-01-03T22:15:47.741Z", "updated_at": "2026-01-03T22:15:47.742Z", "assigned_at": null, "resolved_at": null}}, {"model": "rooms.maintenancetask", "pk": 3, "fields": {"room": 23, "reported_by": 5, "assigned_to": 13, "title": "Puerta no cierra bien", "description": "Se reporta problema en habitación 303", "priority": "medium", "status": "pending", "resolution": "", "photos": "", "created_at": "2026-01-03T22:15:47.746Z", "updated_at": "2026-01-03T22:15:47.746Z", "assigned_at": null, "resolved_at": null}}, {"model": "rooms.maintenancetask", "pk": 4, "fields": {"room": 12, "reported_by": 6, "assigned_to": 13, "title": "Persiana atascada", "description": "Se reporta problema en habitación 202", "priority": "medium", "status": "completed", "resolution": "", "photos": "", "created_at": "2026-01-03T22:15:47.751Z", "updated_at": "2026-01-03T22:15:47.751Z", "assigned_at": null, "resolved_at": null}}, {"model": "rooms.maintenancetask", "pk": 5, "fields": {"room": 21, "reported_by": 4, "assigned_to": 13, "title": "Puerta no cierra bien", "description": "Se reporta problema en habitación 301", "priority": "low", "status": "in_progress", "resolution": "", "photos": "", "created_at": "2026-01-03T22:15:47.755Z", "updated_at": "2026-01-03T22:15:47.755Z", "assigned_at": null, "resolved_at": null}}, {"model": "rooms.maintenancetask", "pk": 6, "fields": {"room": 9, "reported_by": 4, "assigned_to": 12, "title": "Grifo con fuga", "description": "Se reporta problema en habitación 109", "priority": "high", "status": "in_progress", "resolution": "", "photos": "", "created_at": "2026-01-03T22:15:47.759Z", "updated_at": "2026-01-03T22:15:47.759Z", "assigned_at": null, "resolved_at": null}}, {"model": "rooms.maintenancetask", "pk": 7, "fields": {"room": 8, "reported_by": 6, "assigned_to": 13, "title": "Luz del baño parpadeante", "description": "Se reporta problema en habitación 108", "priority": "medium", "status": "assigned", "resolution": "", "photos": "", "created_at": "2026-01-03T22:15:47.764Z", "updated_at": "2026-01-03T22:15:47.764Z", "assigned_at": null, "resolved_at": null}}, {"model": "rooms.maintenancetask", "pk": 8, "fields": {"room": 30, "reported_by": 6, "assigned_to": 12, "title": "Goteo en el baño", "description": "Se reporta problema en habitación 402", "priority": "medium", "status": "assigned", "resolution": "Problema resuelto", "photos": "", "created_at": "2026-01-03T22:15:47.768Z", "updated_at": "2026-01-03T22:15:47.768Z", "assigned_at": null, "resolved_at": null}}, {"model": "rooms.maintenancetask", "pk": 9, "fields": {"room": 30, "reported_by": 4, "assigned_to": 12, "title": "Goteo en el baño", "description": "Se reporta problema en habitación 402", "priority": "low", "status": "completed", "resolution": "", "photos": "", "created_at": "2026-01-03T22:15:47.772Z", "updated_at": "2026-01-03T22:15:47.772Z", "assigned_at": null, "resolved_at": null}}, {"model": "rooms.maintenancetask", "pk": 10, "fields": {"room": 25, "reported_by": 6, "assigned_to": null, "title": "Luz del baño parpadeante", "description": "Se reporta problema en habitación 305", "priority": "medium", "status": "assigned", "resolution": "", "photos": "", "created_at": "2026-01-03T22:15:47.777Z", "updated_at": "2026-01-03T22:15:47.777Z", "assigned_at": null, "resolved_at": null}}, {"model": "rooms.maintenancetask", "pk": 11, "fields": {"room": 24, "reported_by": 4, "assigned_to": 12, "title": "TV no enciende", "description": "Se reporta problema en habitación 304", "priority": "medium", "status": "pending", "resolution": "", "photos": "", "created_at": "2026-01-03T22:15:47.781Z", "updated_at": "2026-01-03T22:15:47.781Z", "assigned_at": null, "resolved_at": null}}, {"model": "rooms.maintenancetask", "pk": 12, "fields": {"room": 20, "reported_by": 5, "assigned_to": 13, "title": "Aire acondicionado no funciona", "description": "Se reporta problema en habitación 210", "priority": "low", "status": "completed", "resolution": "", "photos": "", "created_at": "2026-01-03T22:15:47.786Z", "updated_at": "2026-01-03T22:15:47.786Z", "assigned_at": null, "resolved_at": null}}, {"model": "rooms.maintenancetask", "pk": 13, "fields": {"room": 9, "reported_by": 9, "assigned_to": null, "title": "Aire no working", "description": "no working", "priority": "high", "status": "pending", "resolution": "", "photos": "", "created_at": "2026-01-04T18:26:03.792Z", "updated_at": "2026-01-04T18:26:03.792Z", "assigned_at": null, "resolved_at": null}}]
